Fecha,Cliente_ID,Total_Compra,Productos_Adquiridos
3/1/2025,6734,162,"Hotdog, Refresco"
3/1/2025,6311,131,"Refresco, Chocolate"
3/1/2025,2184,184,"Refresco, Nachos"
3/1/2025,9666,213,"Chocolate, Nachos, Hotdog"
3/1/2025,3047,74,Hotdog
3/1/2025,2899,137,"Chocolate, Palomitas"
3/1/2025,4556,190,"Palomitas, Nachos"
3/1/2025,6393,88,Refresco
3/1/2025,9433,258,"Nachos, Hotdog, Refresco"
3/1/2025,8513,182,"Palomitas, Refresco"
3/1/2025,1775,43,Chocolate
3/1/2025,2021,182,"Refresco, Palomitas"
3/1/2025,4843,190,"Palomitas, Nachos"
3/1/2025,7873,227,"Chocolate, Refresco, Nachos"
3/1/2025,5297,264,"Hotdog, Palomitas, Nachos"
3/1/2025,8869,88,Refresco
3/1/2025,5859,117,"Hotdog, Chocolate"
3/1/2025,9006,74,Hotdog
3/1/2025,3027,131,"Refresco, Chocolate"
3/1/2025,7184,139,"Nachos, Chocolate"
3/1/2025,4104,96,Nachos
3/1/2025,9110,96,Nachos
3/1/2025,1502,256,"Palomitas, Refresco, Hotdog"
3/1/2025,5488,278,"Refresco, Nachos, Palomitas"
3/1/2025,4157,162,"Refresco, Hotdog"
3/1/2025,3693,278,"Nachos, Palomitas, Refresco"
3/1/2025,4627,170,"Nachos, Hotdog"
3/1/2025,2663,184,"Refresco, Nachos"
3/1/2025,2306,233,"Nachos, Chocolate, Palomitas"
3/1/2025,6864,213,"Nachos, Hotdog, Chocolate"
3/1/2025,1663,213,"Hotdog, Nachos, Chocolate"
3/1/2025,4763,256,"Refresco, Hotdog, Palomitas"
3/1/2025,7585,96,Nachos
3/1/2025,4581,94,Palomitas
3/1/2025,8280,43,Chocolate
3/1/2025,1698,88,Refresco
3/1/2025,5737,162,"Refresco, Hotdog"
3/1/2025,6855,213,"Chocolate, Nachos, Hotdog"
3/1/2025,9958,131,"Refresco, Chocolate"
3/1/2025,5282,184,"Refresco, Nachos"
3/1/2025,1659,43,Chocolate
3/1/2025,7546,74,Hotdog
3/1/2025,5736,170,"Hotdog, Nachos"
3/1/2025,6534,213,"Chocolate, Nachos, Hotdog"
3/1/2025,8158,43,Chocolate
3/1/2025,2648,88,Refresco
3/1/2025,9445,184,"Nachos, Refresco"
3/1/2025,3961,74,Hotdog
3/1/2025,5493,43,Chocolate
3/1/2025,7015,170,"Hotdog, Nachos"
3/1/2025,5735,96,Nachos
3/1/2025,9050,43,Chocolate
3/1/2025,9754,258,"Hotdog, Refresco, Nachos"
3/1/2025,8996,170,"Hotdog, Nachos"
3/1/2025,8339,88,Refresco
3/2/2025,1301,184,"Refresco, Nachos"
3/2/2025,1699,256,"Refresco, Palomitas, Hotdog"
3/2/2025,1190,162,"Hotdog, Refresco"
3/2/2025,9319,88,Refresco
3/2/2025,8455,96,Nachos
3/2/2025,8806,225,"Palomitas, Refresco, Chocolate"
3/2/2025,2409,258,"Nachos, Refresco, Hotdog"
3/2/2025,9096,182,"Palomitas, Refresco"
3/2/2025,3806,227,"Chocolate, Nachos, Refresco"
3/2/2025,2841,205,"Refresco, Hotdog, Chocolate"
3/2/2025,5780,213,"Chocolate, Nachos, Hotdog"
3/2/2025,6919,139,"Nachos, Chocolate"
3/2/2025,7293,184,"Nachos, Refresco"
3/2/2025,5777,43,Chocolate
3/2/2025,3491,74,Hotdog
3/2/2025,4124,256,"Palomitas, Refresco, Hotdog"
3/2/2025,8027,131,"Refresco, Chocolate"
3/2/2025,7966,96,Nachos
3/2/2025,9311,131,"Chocolate, Refresco"
3/2/2025,6177,258,"Refresco, Nachos, Hotdog"
3/2/2025,9308,43,Chocolate
3/2/2025,2931,131,"Chocolate, Refresco"
3/2/2025,8805,162,"Refresco, Hotdog"
3/2/2025,8404,182,"Palomitas, Refresco"
3/2/2025,4343,233,"Chocolate, Nachos, Palomitas"
3/2/2025,8004,233,"Chocolate, Nachos, Palomitas"
3/2/2025,6188,264,"Hotdog, Nachos, Palomitas"
3/2/2025,8421,96,Nachos
3/2/2025,6881,74,Hotdog
3/2/2025,7905,74,Hotdog
3/2/2025,5611,278,"Palomitas, Refresco, Nachos"
3/2/2025,7303,43,Chocolate
3/2/2025,3427,264,"Palomitas, Nachos, Hotdog"
3/2/2025,6536,213,"Nachos, Chocolate, Hotdog"
3/2/2025,8723,137,"Chocolate, Palomitas"
3/2/2025,5107,227,"Refresco, Chocolate, Nachos"
3/2/2025,9945,139,"Chocolate, Nachos"
3/2/2025,9967,88,Refresco
3/2/2025,1417,190,"Palomitas, Nachos"
3/2/2025,8668,264,"Nachos, Hotdog, Palomitas"
3/2/2025,1412,213,"Chocolate, Hotdog, Nachos"
3/2/2025,6988,88,Refresco
3/2/2025,2122,256,"Refresco, Palomitas, Hotdog"
3/2/2025,6104,74,Hotdog
3/2/2025,4440,94,Palomitas
3/2/2025,9787,43,Chocolate
3/2/2025,1395,205,"Refresco, Chocolate, Hotdog"
3/3/2025,5946,184,"Refresco, Nachos"
3/3/2025,6588,211,"Palomitas, Chocolate, Hotdog"
3/3/2025,8860,137,"Chocolate, Palomitas"
3/3/2025,7541,88,Refresco
3/3/2025,8330,168,"Hotdog, Palomitas"
3/3/2025,8241,88,Refresco
3/3/2025,7938,94,Palomitas
3/3/2025,2540,162,"Refresco, Hotdog"
3/3/2025,4141,264,"Nachos, Hotdog, Palomitas"
3/3/2025,7588,213,"Nachos, Hotdog, Chocolate"
3/3/2025,9905,43,Chocolate
3/3/2025,4709,211,"Chocolate, Hotdog, Palomitas"
3/3/2025,4072,168,"Palomitas, Hotdog"
3/3/2025,8576,225,"Chocolate, Palomitas, Refresco"
3/3/2025,1133,139,"Chocolate, Nachos"
3/3/2025,5175,117,"Hotdog, Chocolate"
3/3/2025,6348,137,"Chocolate, Palomitas"
3/3/2025,6645,88,Refresco
3/3/2025,9053,43,Chocolate
3/3/2025,8575,184,"Nachos, Refresco"
3/3/2025,8483,131,"Chocolate, Refresco"
3/3/2025,5964,227,"Nachos, Refresco, Chocolate"
3/3/2025,4775,139,"Nachos, Chocolate"
3/3/2025,8891,137,"Chocolate, Palomitas"
3/3/2025,1924,205,"Chocolate, Refresco, Hotdog"
3/3/2025,8026,205,"Chocolate, Refresco, Hotdog"
3/3/2025,1009,190,"Nachos, Palomitas"
3/3/2025,8418,43,Chocolate
3/3/2025,2015,190,"Nachos, Palomitas"
3/3/2025,5000,170,"Hotdog, Nachos"
3/3/2025,9175,137,"Chocolate, Palomitas"
3/3/2025,3000,139,"Nachos, Chocolate"
3/3/2025,5809,256,"Hotdog, Palomitas, Refresco"
3/3/2025,8245,139,"Chocolate, Nachos"
3/3/2025,5780,162,"Refresco, Hotdog"
3/3/2025,6565,170,"Nachos, Hotdog"
3/3/2025,4419,170,"Hotdog, Nachos"
3/3/2025,5363,74,Hotdog
3/3/2025,9580,225,"Palomitas, Chocolate, Refresco"
3/3/2025,7544,256,"Hotdog, Palomitas, Refresco"
3/3/2025,7241,168,"Hotdog, Palomitas"
3/3/2025,8730,227,"Nachos, Chocolate, Refresco"
3/3/2025,5892,278,"Refresco, Nachos, Palomitas"
3/3/2025,7327,131,"Refresco, Chocolate"
3/3/2025,3832,233,"Nachos, Chocolate, Palomitas"
3/3/2025,5164,170,"Hotdog, Nachos"
3/3/2025,6569,162,"Hotdog, Refresco"
3/3/2025,2906,184,"Refresco, Nachos"
3/4/2025,7376,168,"Palomitas, Hotdog"
3/4/2025,7190,256,"Refresco, Palomitas, Hotdog"
3/4/2025,3878,211,"Palomitas, Hotdog, Chocolate"
3/4/2025,2276,94,Palomitas
3/4/2025,9150,190,"Palomitas, Nachos"
3/4/2025,1364,190,"Nachos, Palomitas"
3/4/2025,6126,94,Palomitas
3/4/2025,2906,96,Nachos
3/4/2025,5632,211,"Palomitas, Hotdog, Chocolate"
3/4/2025,9258,94,Palomitas
3/4/2025,7371,96,Nachos
3/4/2025,8943,96,Nachos
3/4/2025,7738,211,"Chocolate, Palomitas, Hotdog"
3/4/2025,3739,43,Chocolate
3/4/2025,2460,96,Nachos
3/4/2025,7986,74,Hotdog
3/4/2025,9434,43,Chocolate
3/4/2025,5208,74,Hotdog
3/4/2025,7233,170,"Nachos, Hotdog"
3/4/2025,7988,88,Refresco
3/4/2025,4744,74,Hotdog
3/4/2025,3219,170,"Nachos, Hotdog"
3/4/2025,6287,213,"Chocolate, Nachos, Hotdog"
3/4/2025,3832,233,"Nachos, Chocolate, Palomitas"
3/4/2025,4490,96,Nachos
3/4/2025,2604,258,"Nachos, Refresco, Hotdog"
3/4/2025,1235,96,Nachos
3/4/2025,3635,43,Chocolate
3/4/2025,6951,168,"Hotdog, Palomitas"
3/4/2025,7413,88,Refresco
3/4/2025,3898,184,"Refresco, Nachos"
3/4/2025,5227,264,"Hotdog, Palomitas, Nachos"
3/4/2025,7565,278,"Refresco, Palomitas, Nachos"
3/4/2025,3712,190,"Nachos, Palomitas"
3/4/2025,5033,233,"Chocolate, Palomitas, Nachos"
3/4/2025,4687,225,"Palomitas, Chocolate, Refresco"
3/4/2025,9389,43,Chocolate
3/4/2025,9669,182,"Refresco, Palomitas"
3/4/2025,3204,74,Hotdog
3/5/2025,1950,182,"Refresco, Palomitas"
3/5/2025,5612,96,Nachos
3/5/2025,7359,131,"Refresco, Chocolate"
3/5/2025,3371,74,Hotdog
3/5/2025,3116,117,"Chocolate, Hotdog"
3/5/2025,7166,227,"Chocolate, Nachos, Refresco"
3/5/2025,3443,264,"Palomitas, Nachos, Hotdog"
3/5/2025,1984,96,Nachos
3/5/2025,4531,227,"Chocolate, Refresco, Nachos"
3/5/2025,4876,88,Refresco
3/5/2025,9795,184,"Refresco, Nachos"
3/5/2025,6109,225,"Refresco, Palomitas, Chocolate"
3/5/2025,2792,43,Chocolate
3/5/2025,4030,211,"Hotdog, Chocolate, Palomitas"
3/5/2025,2854,43,Chocolate
3/5/2025,6031,94,Palomitas
3/5/2025,9393,88,Refresco
3/5/2025,5212,88,Refresco
3/5/2025,8970,43,Chocolate
3/5/2025,2625,94,Palomitas
3/5/2025,5971,258,"Hotdog, Refresco, Nachos"
3/5/2025,2205,137,"Palomitas, Chocolate"
3/5/2025,4572,258,"Nachos, Refresco, Hotdog"
3/5/2025,4701,43,Chocolate
3/5/2025,6182,137,"Palomitas, Chocolate"
3/5/2025,5422,43,Chocolate
3/5/2025,3482,227,"Refresco, Chocolate, Nachos"
3/5/2025,3079,213,"Chocolate, Nachos, Hotdog"
3/5/2025,7645,256,"Refresco, Hotdog, Palomitas"
3/5/2025,6797,74,Hotdog
3/5/2025,7016,139,"Nachos, Chocolate"
3/5/2025,7305,43,Chocolate
3/5/2025,6954,137,"Chocolate, Palomitas"
3/5/2025,4310,227,"Refresco, Chocolate, Nachos"
3/5/2025,8218,170,"Nachos, Hotdog"
3/5/2025,4054,170,"Hotdog, Nachos"
3/5/2025,7612,256,"Hotdog, Palomitas, Refresco"
3/5/2025,7150,88,Refresco
3/5/2025,3198,227,"Chocolate, Nachos, Refresco"
3/5/2025,4695,233,"Palomitas, Nachos, Chocolate"
3/5/2025,2308,233,"Nachos, Palomitas, Chocolate"
3/5/2025,7035,94,Palomitas
3/5/2025,2409,264,"Palomitas, Hotdog, Nachos"
3/5/2025,2555,211,"Chocolate, Palomitas, Hotdog"
3/5/2025,2279,88,Refresco
3/5/2025,4186,137,"Palomitas, Chocolate"
3/5/2025,3599,139,"Chocolate, Nachos"
3/5/2025,2304,233,"Nachos, Palomitas, Chocolate"
3/5/2025,9633,227,"Nachos, Refresco, Chocolate"
3/5/2025,9996,74,Hotdog
3/5/2025,8141,94,Palomitas
3/5/2025,2622,182,"Refresco, Palomitas"
3/5/2025,5263,94,Palomitas
3/6/2025,4629,131,"Refresco, Chocolate"
3/6/2025,6941,43,Chocolate
3/6/2025,3866,225,"Palomitas, Refresco, Chocolate"
3/6/2025,6490,278,"Nachos, Refresco, Palomitas"
3/6/2025,9340,211,"Chocolate, Hotdog, Palomitas"
3/6/2025,9378,233,"Chocolate, Palomitas, Nachos"
3/6/2025,8479,131,"Chocolate, Refresco"
3/6/2025,8715,96,Nachos
3/6/2025,7122,182,"Palomitas, Refresco"
3/6/2025,1153,43,Chocolate
3/6/2025,6760,88,Refresco
3/6/2025,2639,162,"Refresco, Hotdog"
3/6/2025,8970,94,Palomitas
3/6/2025,2252,162,"Hotdog, Refresco"
3/6/2025,4549,190,"Nachos, Palomitas"
3/6/2025,7667,94,Palomitas
3/6/2025,5090,88,Refresco
3/6/2025,8982,233,"Palomitas, Chocolate, Nachos"
3/6/2025,6895,94,Palomitas
3/6/2025,2750,182,"Refresco, Palomitas"
3/6/2025,9238,96,Nachos
3/6/2025,6913,168,"Palomitas, Hotdog"
3/6/2025,8686,88,Refresco
3/6/2025,9007,182,"Palomitas, Refresco"
3/6/2025,2500,190,"Palomitas, Nachos"
3/6/2025,3667,74,Hotdog
3/6/2025,1130,182,"Palomitas, Refresco"
3/6/2025,3983,211,"Chocolate, Palomitas, Hotdog"
3/6/2025,9502,131,"Chocolate, Refresco"
3/6/2025,1545,137,"Palomitas, Chocolate"
3/6/2025,4810,96,Nachos
3/6/2025,3032,96,Nachos
3/6/2025,7467,168,"Palomitas, Hotdog"
3/6/2025,9173,184,"Nachos, Refresco"
3/6/2025,9056,278,"Refresco, Nachos, Palomitas"
3/6/2025,2868,94,Palomitas
3/6/2025,8878,227,"Chocolate, Refresco, Nachos"
3/6/2025,8274,43,Chocolate
3/6/2025,2796,211,"Hotdog, Chocolate, Palomitas"
3/6/2025,2913,74,Hotdog
3/6/2025,8312,190,"Palomitas, Nachos"
3/6/2025,5675,205,"Hotdog, Chocolate, Refresco"
3/6/2025,2218,256,"Hotdog, Refresco, Palomitas"
3/6/2025,1954,184,"Refresco, Nachos"
3/6/2025,9228,43,Chocolate
3/6/2025,9987,225,"Chocolate, Palomitas, Refresco"
3/6/2025,6233,43,Chocolate
3/6/2025,2591,96,Nachos
3/6/2025,2312,43,Chocolate
3/6/2025,2704,88,Refresco
3/6/2025,3604,162,"Refresco, Hotdog"
3/6/2025,5286,211,"Chocolate, Hotdog, Palomitas"
3/6/2025,7150,182,"Palomitas, Refresco"
3/6/2025,1556,211,"Hotdog, Chocolate, Palomitas"
3/6/2025,3719,190,"Palomitas, Nachos"
3/6/2025,9780,96,Nachos
3/6/2025,2136,190,"Palomitas, Nachos"
3/6/2025,8009,190,"Palomitas, Nachos"
3/6/2025,6352,170,"Hotdog, Nachos"
3/6/2025,6084,278,"Palomitas, Refresco, Nachos"
3/6/2025,8059,264,"Nachos, Hotdog, Palomitas"
3/6/2025,8491,213,"Chocolate, Hotdog, Nachos"
3/6/2025,5811,258,"Refresco, Nachos, Hotdog"
3/6/2025,6346,162,"Hotdog, Refresco"
3/6/2025,8266,190,"Palomitas, Nachos"
3/6/2025,1038,88,Refresco
3/6/2025,4155,182,"Refresco, Palomitas"
3/6/2025,6658,184,"Nachos, Refresco"
3/6/2025,1988,213,"Chocolate, Hotdog, Nachos"
3/6/2025,5179,182,"Palomitas, Refresco"
3/6/2025,4056,96,Nachos
3/6/2025,6390,233,"Palomitas, Chocolate, Nachos"
3/6/2025,2607,233,"Palomitas, Nachos, Chocolate"
3/6/2025,9711,94,Palomitas
3/6/2025,1959,182,"Palomitas, Refresco"
3/6/2025,6655,117,"Hotdog, Chocolate"
3/6/2025,6797,43,Chocolate
3/6/2025,6109,139,"Chocolate, Nachos"
3/6/2025,3433,43,Chocolate
3/6/2025,5167,74,Hotdog
3/6/2025,2389,131,"Chocolate, Refresco"
3/7/2025,6420,225,"Chocolate, Refresco, Palomitas"
3/7/2025,3043,213,"Nachos, Chocolate, Hotdog"
3/7/2025,1778,258,"Refresco, Nachos, Hotdog"
3/7/2025,9032,139,"Chocolate, Nachos"
3/7/2025,2949,213,"Hotdog, Chocolate, Nachos"
3/7/2025,8833,131,"Chocolate, Refresco"
3/7/2025,2895,170,"Hotdog, Nachos"
3/7/2025,7082,225,"Palomitas, Chocolate, Refresco"
3/7/2025,4389,117,"Chocolate, Hotdog"
3/7/2025,1207,225,"Palomitas, Chocolate, Refresco"
3/7/2025,1021,94,Palomitas
3/7/2025,8294,225,"Chocolate, Refresco, Palomitas"
3/7/2025,4638,139,"Nachos, Chocolate"
3/7/2025,5780,278,"Refresco, Palomitas, Nachos"
3/7/2025,5790,211,"Chocolate, Palomitas, Hotdog"
3/7/2025,1661,256,"Refresco, Palomitas, Hotdog"
3/7/2025,8005,258,"Hotdog, Nachos, Refresco"
3/7/2025,1956,96,Nachos
3/7/2025,4453,233,"Nachos, Chocolate, Palomitas"
3/7/2025,4591,233,"Chocolate, Nachos, Palomitas"
3/7/2025,1525,184,"Nachos, Refresco"
3/7/2025,5648,94,Palomitas
3/7/2025,2646,190,"Nachos, Palomitas"
3/7/2025,4155,43,Chocolate
3/7/2025,9219,256,"Hotdog, Palomitas, Refresco"
3/7/2025,5356,94,Palomitas
3/7/2025,6724,131,"Refresco, Chocolate"
3/7/2025,4432,96,Nachos
3/7/2025,7656,43,Chocolate
3/7/2025,4192,225,"Refresco, Chocolate, Palomitas"
3/7/2025,3734,233,"Chocolate, Palomitas, Nachos"
3/7/2025,4568,74,Hotdog
3/7/2025,4953,213,"Nachos, Hotdog, Chocolate"
3/7/2025,1968,211,"Palomitas, Hotdog, Chocolate"
3/7/2025,7262,211,"Hotdog, Chocolate, Palomitas"
3/7/2025,6178,211,"Palomitas, Hotdog, Chocolate"
3/7/2025,2229,205,"Refresco, Hotdog, Chocolate"
3/7/2025,2239,205,"Hotdog, Chocolate, Refresco"
3/7/2025,8473,117,"Chocolate, Hotdog"
3/7/2025,6342,211,"Hotdog, Palomitas, Chocolate"
3/7/2025,8595,74,Hotdog
3/7/2025,7294,96,Nachos
3/7/2025,5470,74,Hotdog
3/7/2025,9320,162,"Hotdog, Refresco"
3/7/2025,2198,88,Refresco
3/7/2025,6238,43,Chocolate
3/7/2025,1986,190,"Palomitas, Nachos"
3/7/2025,4072,168,"Palomitas, Hotdog"
3/7/2025,6105,96,Nachos
3/7/2025,8848,131,"Chocolate, Refresco"
3/7/2025,4828,88,Refresco
3/7/2025,8114,184,"Nachos, Refresco"
3/7/2025,5114,96,Nachos
3/7/2025,3772,94,Palomitas
3/7/2025,5806,213,"Chocolate, Hotdog, Nachos"
3/7/2025,3875,278,"Refresco, Palomitas, Nachos"
3/7/2025,2440,258,"Hotdog, Refresco, Nachos"
3/7/2025,7059,184,"Refresco, Nachos"
3/7/2025,7228,170,"Nachos, Hotdog"
3/7/2025,2177,278,"Palomitas, Refresco, Nachos"
3/7/2025,9234,190,"Nachos, Palomitas"
3/7/2025,7570,211,"Chocolate, Hotdog, Palomitas"
3/7/2025,1406,184,"Nachos, Refresco"
3/7/2025,9906,225,"Refresco, Chocolate, Palomitas"
3/7/2025,4610,256,"Refresco, Palomitas, Hotdog"
3/7/2025,8311,168,"Hotdog, Palomitas"
3/7/2025,6291,170,"Nachos, Hotdog"
3/7/2025,7869,227,"Chocolate, Nachos, Refresco"
3/7/2025,4097,74,Hotdog
3/7/2025,6752,213,"Hotdog, Chocolate, Nachos"
3/7/2025,7295,117,"Hotdog, Chocolate"
3/7/2025,2316,190,"Nachos, Palomitas"
3/7/2025,7807,94,Palomitas
3/7/2025,8227,190,"Palomitas, Nachos"
3/7/2025,4040,74,Hotdog
3/7/2025,1482,43,Chocolate
3/7/2025,1630,94,Palomitas
3/7/2025,9853,233,"Chocolate, Nachos, Palomitas"
3/7/2025,1987,256,"Hotdog, Refresco, Palomitas"
3/7/2025,8421,131,"Chocolate, Refresco"
3/7/2025,2343,258,"Refresco, Nachos, Hotdog"
3/7/2025,7780,162,"Hotdog, Refresco"
3/7/2025,7764,43,Chocolate
3/7/2025,8843,137,"Palomitas, Chocolate"
3/7/2025,6472,258,"Refresco, Hotdog, Nachos"
3/7/2025,1707,96,Nachos
3/7/2025,3475,43,Chocolate
3/7/2025,8397,43,Chocolate
3/7/2025,8979,182,"Palomitas, Refresco"
3/7/2025,8426,190,"Nachos, Palomitas"
3/7/2025,6291,233,"Chocolate, Palomitas, Nachos"
3/8/2025,4874,88,Refresco
3/8/2025,1661,74,Hotdog
3/8/2025,3493,278,"Refresco, Palomitas, Nachos"
3/8/2025,2679,205,"Hotdog, Chocolate, Refresco"
3/8/2025,1285,170,"Hotdog, Nachos"
3/8/2025,5037,96,Nachos
3/8/2025,5895,43,Chocolate
3/8/2025,3785,96,Nachos
3/8/2025,5576,256,"Hotdog, Palomitas, Refresco"
3/8/2025,3408,205,"Refresco, Chocolate, Hotdog"
3/8/2025,6299,258,"Hotdog, Refresco, Nachos"
3/8/2025,9597,74,Hotdog
3/8/2025,9435,137,"Palomitas, Chocolate"
3/8/2025,6548,88,Refresco
3/8/2025,5225,278,"Refresco, Palomitas, Nachos"
3/8/2025,6656,88,Refresco
3/8/2025,5259,88,Refresco
3/8/2025,6772,43,Chocolate
3/8/2025,3964,96,Nachos
3/8/2025,1536,96,Nachos
3/8/2025,8179,43,Chocolate
3/8/2025,7610,137,"Palomitas, Chocolate"
3/8/2025,6078,137,"Palomitas, Chocolate"
3/8/2025,2638,278,"Palomitas, Refresco, Nachos"
3/8/2025,2382,184,"Nachos, Refresco"
3/8/2025,4292,162,"Refresco, Hotdog"
3/8/2025,5517,264,"Nachos, Palomitas, Hotdog"
3/8/2025,8870,96,Nachos
3/9/2025,4716,264,"Palomitas, Nachos, Hotdog"
3/9/2025,8898,184,"Refresco, Nachos"
3/9/2025,8380,182,"Refresco, Palomitas"
3/9/2025,5268,117,"Hotdog, Chocolate"
3/9/2025,5592,96,Nachos
3/9/2025,6887,182,"Palomitas, Refresco"
3/9/2025,5839,278,"Palomitas, Nachos, Refresco"
3/9/2025,4631,184,"Refresco, Nachos"
3/9/2025,8177,227,"Nachos, Chocolate, Refresco"
3/9/2025,9123,139,"Chocolate, Nachos"
3/9/2025,9906,117,"Chocolate, Hotdog"
3/9/2025,7869,94,Palomitas
3/9/2025,8099,88,Refresco
3/9/2025,8083,162,"Hotdog, Refresco"
3/9/2025,5940,211,"Chocolate, Palomitas, Hotdog"
3/9/2025,9599,96,Nachos
3/9/2025,1365,278,"Palomitas, Nachos, Refresco"
3/9/2025,5531,94,Palomitas
3/9/2025,9964,264,"Hotdog, Nachos, Palomitas"
3/9/2025,7511,74,Hotdog
3/9/2025,2246,184,"Refresco, Nachos"
3/9/2025,4009,94,Palomitas
3/9/2025,9569,94,Palomitas
3/9/2025,6978,233,"Chocolate, Palomitas, Nachos"
3/9/2025,9714,205,"Hotdog, Chocolate, Refresco"
3/9/2025,8569,184,"Nachos, Refresco"
3/9/2025,5583,96,Nachos
3/9/2025,1685,162,"Refresco, Hotdog"
3/9/2025,8165,225,"Palomitas, Chocolate, Refresco"
3/9/2025,9789,168,"Palomitas, Hotdog"
3/9/2025,8003,211,"Palomitas, Chocolate, Hotdog"
3/9/2025,4537,258,"Refresco, Nachos, Hotdog"
3/9/2025,2376,96,Nachos
3/9/2025,1022,43,Chocolate
3/9/2025,8353,182,"Palomitas, Refresco"
3/9/2025,3520,94,Palomitas
3/9/2025,4967,117,"Chocolate, Hotdog"
3/9/2025,3547,162,"Refresco, Hotdog"
3/9/2025,8604,205,"Chocolate, Refresco, Hotdog"
3/9/2025,3634,182,"Palomitas, Refresco"
3/9/2025,2124,213,"Chocolate, Nachos, Hotdog"
3/9/2025,2013,117,"Chocolate, Hotdog"
3/9/2025,2828,74,Hotdog
3/9/2025,3023,96,Nachos
3/9/2025,6036,213,"Chocolate, Nachos, Hotdog"
3/9/2025,3563,205,"Chocolate, Refresco, Hotdog"
3/9/2025,5431,74,Hotdog
3/9/2025,1593,96,Nachos
3/9/2025,1663,88,Refresco
3/9/2025,1541,131,"Chocolate, Refresco"
3/9/2025,1867,94,Palomitas
3/9/2025,6469,184,"Refresco, Nachos"
3/9/2025,2019,96,Nachos
3/9/2025,2283,184,"Nachos, Refresco"
3/9/2025,9590,74,Hotdog
3/9/2025,9266,182,"Refresco, Palomitas"
3/9/2025,4471,117,"Hotdog, Chocolate"
3/9/2025,9691,74,Hotdog
3/9/2025,3097,182,"Palomitas, Refresco"
3/9/2025,7397,182,"Refresco, Palomitas"
3/9/2025,3757,96,Nachos
3/9/2025,2900,184,"Refresco, Nachos"
3/9/2025,8999,182,"Palomitas, Refresco"
3/9/2025,9895,88,Refresco
3/9/2025,4331,264,"Nachos, Hotdog, Palomitas"
3/9/2025,3978,74,Hotdog
3/9/2025,7868,170,"Nachos, Hotdog"
3/9/2025,5998,88,Refresco
3/9/2025,9461,43,Chocolate
3/9/2025,6347,182,"Palomitas, Refresco"
3/9/2025,9017,227,"Nachos, Chocolate, Refresco"
3/9/2025,1671,94,Palomitas
3/9/2025,6591,182,"Refresco, Palomitas"
3/9/2025,3539,74,Hotdog
3/9/2025,5260,258,"Hotdog, Nachos, Refresco"
3/9/2025,4670,211,"Hotdog, Chocolate, Palomitas"
3/9/2025,2938,131,"Chocolate, Refresco"
3/9/2025,7588,137,"Chocolate, Palomitas"
3/10/2025,1597,94,Palomitas
3/10/2025,1572,205,"Hotdog, Refresco, Chocolate"
3/10/2025,5624,182,"Refresco, Palomitas"
3/10/2025,2537,117,"Chocolate, Hotdog"
3/10/2025,4750,184,"Nachos, Refresco"
3/10/2025,9535,233,"Chocolate, Nachos, Palomitas"
3/10/2025,5666,170,"Hotdog, Nachos"
3/10/2025,2727,137,"Palomitas, Chocolate"
3/10/2025,6055,96,Nachos
3/10/2025,1781,213,"Chocolate, Nachos, Hotdog"
3/10/2025,7823,170,"Nachos, Hotdog"
3/10/2025,8264,190,"Nachos, Palomitas"
3/10/2025,3274,94,Palomitas
3/10/2025,7744,190,"Palomitas, Nachos"
3/10/2025,8239,170,"Hotdog, Nachos"
3/10/2025,3822,213,"Hotdog, Nachos, Chocolate"
3/10/2025,1258,211,"Chocolate, Palomitas, Hotdog"
3/10/2025,3591,88,Refresco
3/10/2025,8183,88,Refresco
3/10/2025,8329,117,"Chocolate, Hotdog"
3/10/2025,2125,88,Refresco
3/10/2025,9438,233,"Palomitas, Chocolate, Nachos"
3/10/2025,7274,227,"Refresco, Nachos, Chocolate"
3/10/2025,1264,225,"Chocolate, Palomitas, Refresco"
3/10/2025,1645,170,"Hotdog, Nachos"
3/10/2025,3990,278,"Nachos, Refresco, Palomitas"
3/10/2025,4831,182,"Refresco, Palomitas"
3/10/2025,2098,182,"Refresco, Palomitas"
3/10/2025,8950,137,"Chocolate, Palomitas"
3/10/2025,2089,170,"Nachos, Hotdog"
3/10/2025,2958,96,Nachos
3/10/2025,6779,182,"Palomitas, Refresco"
3/10/2025,1441,117,"Hotdog, Chocolate"
3/10/2025,7370,94,Palomitas
3/10/2025,7115,205,"Chocolate, Hotdog, Refresco"
3/10/2025,5646,139,"Nachos, Chocolate"
3/10/2025,2787,88,Refresco
3/10/2025,2138,168,"Hotdog, Palomitas"
3/10/2025,7362,162,"Refresco, Hotdog"
3/10/2025,1423,213,"Hotdog, Nachos, Chocolate"
3/10/2025,5178,43,Chocolate
3/10/2025,8880,225,"Chocolate, Refresco, Palomitas"
3/10/2025,2531,264,"Nachos, Hotdog, Palomitas"
3/10/2025,5493,233,"Nachos, Chocolate, Palomitas"
3/10/2025,3723,213,"Chocolate, Hotdog, Nachos"
3/10/2025,7816,227,"Refresco, Nachos, Chocolate"
3/10/2025,2762,256,"Hotdog, Refresco, Palomitas"
3/10/2025,1040,225,"Chocolate, Palomitas, Refresco"
3/10/2025,9259,213,"Hotdog, Chocolate, Nachos"
3/10/2025,8804,211,"Palomitas, Hotdog, Chocolate"
3/11/2025,1778,190,"Nachos, Palomitas"
3/11/2025,2492,94,Palomitas
3/11/2025,8851,227,"Chocolate, Refresco, Nachos"
3/11/2025,3044,74,Hotdog
3/11/2025,5577,225,"Refresco, Chocolate, Palomitas"
3/11/2025,1342,190,"Palomitas, Nachos"
3/11/2025,7317,170,"Nachos, Hotdog"
3/11/2025,7748,162,"Hotdog, Refresco"
3/11/2025,2846,256,"Refresco, Hotdog, Palomitas"
3/11/2025,1771,96,Nachos
3/11/2025,9770,213,"Hotdog, Nachos, Chocolate"
3/11/2025,1193,184,"Nachos, Refresco"
3/11/2025,2455,184,"Nachos, Refresco"
3/11/2025,6808,131,"Refresco, Chocolate"
3/11/2025,1703,94,Palomitas
3/11/2025,6482,190,"Nachos, Palomitas"
3/11/2025,5648,233,"Nachos, Palomitas, Chocolate"
3/11/2025,3866,88,Refresco
3/11/2025,6670,225,"Palomitas, Refresco, Chocolate"
3/11/2025,2517,258,"Refresco, Hotdog, Nachos"
3/11/2025,2356,43,Chocolate
3/11/2025,9210,94,Palomitas
3/11/2025,7132,258,"Hotdog, Refresco, Nachos"
3/11/2025,7588,137,"Chocolate, Palomitas"
3/11/2025,5615,94,Palomitas
3/11/2025,7574,94,Palomitas
3/11/2025,7993,264,"Nachos, Palomitas, Hotdog"
3/11/2025,6443,168,"Hotdog, Palomitas"
3/11/2025,9611,43,Chocolate
3/11/2025,4808,162,"Refresco, Hotdog"
3/11/2025,6054,96,Nachos
3/11/2025,1201,94,Palomitas
3/11/2025,5658,190,"Palomitas, Nachos"
3/11/2025,4155,131,"Refresco, Chocolate"
3/11/2025,3466,258,"Refresco, Nachos, Hotdog"
3/11/2025,8980,227,"Nachos, Chocolate, Refresco"
3/11/2025,5669,278,"Nachos, Refresco, Palomitas"
3/11/2025,2130,205,"Refresco, Chocolate, Hotdog"
3/11/2025,5020,264,"Nachos, Palomitas, Hotdog"
3/11/2025,4259,43,Chocolate
3/11/2025,4243,170,"Hotdog, Nachos"
3/11/2025,2141,211,"Chocolate, Palomitas, Hotdog"
3/11/2025,5000,278,"Nachos, Palomitas, Refresco"
3/11/2025,6906,168,"Hotdog, Palomitas"
3/11/2025,2829,190,"Nachos, Palomitas"
3/11/2025,4699,184,"Refresco, Nachos"
3/11/2025,2900,182,"Refresco, Palomitas"
3/11/2025,8069,131,"Chocolate, Refresco"
3/11/2025,8833,139,"Nachos, Chocolate"
3/11/2025,7591,182,"Refresco, Palomitas"
3/12/2025,6668,162,"Hotdog, Refresco"
3/12/2025,1785,225,"Palomitas, Chocolate, Refresco"
3/12/2025,3416,74,Hotdog
3/12/2025,2936,168,"Hotdog, Palomitas"
3/12/2025,4236,162,"Refresco, Hotdog"
3/12/2025,2932,131,"Chocolate, Refresco"
3/12/2025,5916,182,"Palomitas, Refresco"
3/12/2025,2439,74,Hotdog
3/12/2025,1382,74,Hotdog
3/12/2025,9491,88,Refresco
3/12/2025,4835,258,"Refresco, Nachos, Hotdog"
3/12/2025,7905,94,Palomitas
3/12/2025,9848,117,"Hotdog, Chocolate"
3/12/2025,9458,162,"Hotdog, Refresco"
3/12/2025,4630,256,"Hotdog, Palomitas, Refresco"
3/12/2025,7538,184,"Nachos, Refresco"
3/12/2025,1557,117,"Chocolate, Hotdog"
3/12/2025,1882,211,"Chocolate, Palomitas, Hotdog"
3/12/2025,6867,88,Refresco
3/12/2025,9125,190,"Palomitas, Nachos"
3/12/2025,3808,137,"Palomitas, Chocolate"
3/12/2025,4536,190,"Nachos, Palomitas"
3/12/2025,2970,168,"Palomitas, Hotdog"
3/12/2025,5258,184,"Nachos, Refresco"
3/12/2025,8084,211,"Hotdog, Chocolate, Palomitas"
3/12/2025,3490,88,Refresco
3/12/2025,4906,162,"Hotdog, Refresco"
3/12/2025,6929,256,"Hotdog, Palomitas, Refresco"
3/12/2025,8901,190,"Nachos, Palomitas"
3/12/2025,8537,96,Nachos
3/12/2025,4363,88,Refresco
3/12/2025,9068,88,Refresco
3/12/2025,9448,190,"Nachos, Palomitas"
3/12/2025,6037,211,"Hotdog, Palomitas, Chocolate"
3/12/2025,4426,96,Nachos
3/12/2025,6409,96,Nachos
3/12/2025,6776,170,"Hotdog, Nachos"
3/12/2025,8547,96,Nachos
3/12/2025,7465,264,"Hotdog, Nachos, Palomitas"
3/12/2025,3555,131,"Chocolate, Refresco"
3/12/2025,4701,233,"Chocolate, Palomitas, Nachos"
3/12/2025,2556,162,"Hotdog, Refresco"
3/12/2025,8480,211,"Palomitas, Chocolate, Hotdog"
3/12/2025,8651,182,"Palomitas, Refresco"
3/12/2025,2228,117,"Hotdog, Chocolate"
3/12/2025,5945,131,"Chocolate, Refresco"
3/12/2025,8016,96,Nachos
3/12/2025,8758,88,Refresco
3/12/2025,2809,264,"Hotdog, Nachos, Palomitas"
3/12/2025,7056,139,"Chocolate, Nachos"
3/12/2025,6951,139,"Chocolate, Nachos"
3/12/2025,9662,162,"Hotdog, Refresco"
3/12/2025,8094,162,"Hotdog, Refresco"
3/12/2025,1234,256,"Refresco, Palomitas, Hotdog"
3/12/2025,6904,225,"Palomitas, Chocolate, Refresco"
3/12/2025,6832,258,"Hotdog, Refresco, Nachos"
3/12/2025,2316,170,"Hotdog, Nachos"
3/12/2025,8935,227,"Refresco, Nachos, Chocolate"
3/12/2025,3257,168,"Hotdog, Palomitas"
3/12/2025,4893,96,Nachos
3/12/2025,2772,233,"Chocolate, Nachos, Palomitas"
3/12/2025,4220,131,"Refresco, Chocolate"
3/12/2025,8480,117,"Hotdog, Chocolate"
3/12/2025,7708,96,Nachos
3/12/2025,4748,168,"Palomitas, Hotdog"
3/12/2025,9016,74,Hotdog
3/12/2025,1674,258,"Refresco, Hotdog, Nachos"
3/12/2025,3158,256,"Palomitas, Refresco, Hotdog"
3/12/2025,9931,162,"Hotdog, Refresco"
3/12/2025,4923,94,Palomitas
3/12/2025,5063,258,"Nachos, Refresco, Hotdog"
3/12/2025,9224,205,"Refresco, Chocolate, Hotdog"
3/12/2025,4709,264,"Nachos, Hotdog, Palomitas"
3/12/2025,7516,94,Palomitas
3/12/2025,4718,225,"Palomitas, Refresco, Chocolate"
3/12/2025,5552,190,"Nachos, Palomitas"
3/12/2025,9835,190,"Nachos, Palomitas"
3/12/2025,6345,43,Chocolate
3/12/2025,2102,258,"Refresco, Nachos, Hotdog"
3/12/2025,9707,190,"Nachos, Palomitas"
3/12/2025,1630,131,"Chocolate, Refresco"
3/12/2025,1025,131,"Chocolate, Refresco"
3/12/2025,9652,43,Chocolate
3/12/2025,6102,74,Hotdog
3/12/2025,9682,117,"Hotdog, Chocolate"
3/13/2025,3606,190,"Nachos, Palomitas"
3/13/2025,3295,190,"Palomitas, Nachos"
3/13/2025,6241,225,"Chocolate, Palomitas, Refresco"
3/13/2025,8557,96,Nachos
3/13/2025,2932,256,"Refresco, Palomitas, Hotdog"
3/13/2025,1492,211,"Hotdog, Palomitas, Chocolate"
3/13/2025,5958,74,Hotdog
3/13/2025,3743,170,"Hotdog, Nachos"
3/13/2025,8160,117,"Hotdog, Chocolate"
3/13/2025,9548,168,"Palomitas, Hotdog"
3/13/2025,8186,96,Nachos
3/13/2025,1619,278,"Nachos, Palomitas, Refresco"
3/13/2025,2296,162,"Refresco, Hotdog"
3/13/2025,9436,117,"Chocolate, Hotdog"
3/13/2025,6366,74,Hotdog
3/13/2025,9199,184,"Refresco, Nachos"
3/13/2025,4667,233,"Chocolate, Nachos, Palomitas"
3/13/2025,3468,233,"Nachos, Palomitas, Chocolate"
3/13/2025,2636,88,Refresco
3/13/2025,5009,74,Hotdog
3/13/2025,3217,233,"Nachos, Palomitas, Chocolate"
3/13/2025,4638,264,"Hotdog, Palomitas, Nachos"
3/13/2025,5444,256,"Hotdog, Refresco, Palomitas"
3/13/2025,2676,168,"Hotdog, Palomitas"
3/13/2025,3787,190,"Palomitas, Nachos"
3/13/2025,4743,96,Nachos
3/13/2025,3451,168,"Palomitas, Hotdog"
3/13/2025,8778,184,"Refresco, Nachos"
3/13/2025,5369,94,Palomitas
3/13/2025,5956,225,"Palomitas, Chocolate, Refresco"
3/13/2025,4162,43,Chocolate
3/13/2025,9345,162,"Hotdog, Refresco"
3/13/2025,4699,74,Hotdog
3/13/2025,4786,264,"Nachos, Palomitas, Hotdog"
3/13/2025,2913,168,"Hotdog, Palomitas"
3/13/2025,8423,74,Hotdog
3/13/2025,1660,264,"Nachos, Hotdog, Palomitas"
3/13/2025,2132,258,"Hotdog, Nachos, Refresco"
3/13/2025,9275,233,"Nachos, Palomitas, Chocolate"
3/13/2025,5570,117,"Hotdog, Chocolate"
3/13/2025,4607,74,Hotdog
3/13/2025,1289,74,Hotdog
3/13/2025,7614,88,Refresco
3/13/2025,1278,131,"Chocolate, Refresco"
3/13/2025,5958,264,"Nachos, Palomitas, Hotdog"
3/13/2025,8997,117,"Hotdog, Chocolate"
3/13/2025,4832,233,"Palomitas, Nachos, Chocolate"
3/13/2025,7534,74,Hotdog
3/13/2025,5307,88,Refresco
3/13/2025,9533,258,"Hotdog, Refresco, Nachos"
3/13/2025,4109,278,"Palomitas, Refresco, Nachos"
3/13/2025,4240,278,"Refresco, Palomitas, Nachos"
3/13/2025,2849,168,"Palomitas, Hotdog"
3/13/2025,7680,233,"Chocolate, Palomitas, Nachos"
3/13/2025,8214,211,"Hotdog, Palomitas, Chocolate"
3/13/2025,2991,137,"Palomitas, Chocolate"
3/13/2025,9712,43,Chocolate
3/13/2025,3832,137,"Chocolate, Palomitas"
3/13/2025,1152,43,Chocolate
3/13/2025,3800,96,Nachos
3/13/2025,1406,278,"Refresco, Palomitas, Nachos"
3/13/2025,5357,278,"Refresco, Nachos, Palomitas"
3/13/2025,3292,88,Refresco
3/13/2025,8742,162,"Hotdog, Refresco"
3/13/2025,2903,168,"Hotdog, Palomitas"
3/13/2025,8106,74,Hotdog
3/13/2025,2567,139,"Chocolate, Nachos"
3/13/2025,9560,131,"Refresco, Chocolate"
3/13/2025,2907,256,"Hotdog, Palomitas, Refresco"
3/13/2025,2293,211,"Chocolate, Palomitas, Hotdog"
3/13/2025,3240,137,"Chocolate, Palomitas"
3/13/2025,1389,258,"Refresco, Nachos, Hotdog"
3/13/2025,9850,74,Hotdog
3/13/2025,2481,162,"Refresco, Hotdog"
3/13/2025,4093,168,"Palomitas, Hotdog"
3/13/2025,5068,43,Chocolate
3/13/2025,8951,225,"Refresco, Chocolate, Palomitas"
3/13/2025,1112,94,Palomitas
3/13/2025,1139,88,Refresco
3/13/2025,4951,88,Refresco
3/14/2025,9058,213,"Hotdog, Chocolate, Nachos"
3/14/2025,7432,264,"Palomitas, Nachos, Hotdog"
3/14/2025,9319,94,Palomitas
3/14/2025,5855,96,Nachos
3/14/2025,6911,96,Nachos
3/14/2025,6693,88,Refresco
3/14/2025,8162,278,"Nachos, Palomitas, Refresco"
3/14/2025,9399,233,"Chocolate, Palomitas, Nachos"
3/14/2025,7309,213,"Chocolate, Nachos, Hotdog"
3/14/2025,2518,182,"Refresco, Palomitas"
3/14/2025,4554,264,"Palomitas, Nachos, Hotdog"
3/14/2025,7409,117,"Hotdog, Chocolate"
3/14/2025,2271,211,"Chocolate, Palomitas, Hotdog"
3/14/2025,7124,264,"Palomitas, Hotdog, Nachos"
3/14/2025,5396,137,"Palomitas, Chocolate"
3/14/2025,5937,88,Refresco
3/14/2025,8294,74,Hotdog
3/14/2025,9089,139,"Nachos, Chocolate"
3/14/2025,5138,205,"Refresco, Hotdog, Chocolate"
3/14/2025,9560,117,"Hotdog, Chocolate"
3/14/2025,6485,94,Palomitas
3/14/2025,6039,213,"Chocolate, Nachos, Hotdog"
3/14/2025,2361,184,"Refresco, Nachos"
3/14/2025,2014,205,"Hotdog, Refresco, Chocolate"
3/14/2025,9024,190,"Nachos, Palomitas"
3/14/2025,3912,211,"Chocolate, Hotdog, Palomitas"
3/14/2025,5744,278,"Palomitas, Nachos, Refresco"
3/14/2025,3817,168,"Hotdog, Palomitas"
3/14/2025,8697,96,Nachos
3/14/2025,8352,117,"Chocolate, Hotdog"
3/14/2025,9326,131,"Chocolate, Refresco"
3/14/2025,9003,227,"Chocolate, Refresco, Nachos"
3/14/2025,4074,74,Hotdog
3/14/2025,9312,227,"Refresco, Chocolate, Nachos"
3/15/2025,3761,88,Refresco
3/15/2025,1241,258,"Hotdog, Refresco, Nachos"
3/15/2025,1802,278,"Refresco, Palomitas, Nachos"
3/15/2025,1195,168,"Palomitas, Hotdog"
3/15/2025,9468,139,"Chocolate, Nachos"
3/15/2025,3591,43,Chocolate
3/15/2025,3854,74,Hotdog
3/15/2025,7972,264,"Palomitas, Nachos, Hotdog"
3/15/2025,3594,162,"Hotdog, Refresco"
3/15/2025,9143,211,"Palomitas, Hotdog, Chocolate"
3/15/2025,2700,182,"Palomitas, Refresco"
3/15/2025,2647,233,"Chocolate, Nachos, Palomitas"
3/15/2025,9676,131,"Chocolate, Refresco"
3/15/2025,9912,211,"Palomitas, Chocolate, Hotdog"
3/15/2025,2673,131,"Chocolate, Refresco"
3/15/2025,8178,170,"Hotdog, Nachos"
3/15/2025,4453,94,Palomitas
3/15/2025,4005,168,"Hotdog, Palomitas"
3/15/2025,3242,139,"Chocolate, Nachos"
3/15/2025,9640,43,Chocolate
3/15/2025,6618,88,Refresco
3/15/2025,5927,43,Chocolate
3/15/2025,6388,43,Chocolate
3/15/2025,6126,139,"Nachos, Chocolate"
3/15/2025,2788,96,Nachos
3/15/2025,4700,213,"Nachos, Hotdog, Chocolate"
3/15/2025,3679,137,"Chocolate, Palomitas"
3/15/2025,7773,211,"Hotdog, Palomitas, Chocolate"
3/15/2025,5008,139,"Chocolate, Nachos"
3/15/2025,4719,170,"Nachos, Hotdog"
3/15/2025,7079,43,Chocolate
3/15/2025,1002,96,Nachos
3/15/2025,3890,131,"Chocolate, Refresco"
3/15/2025,7239,190,"Nachos, Palomitas"
3/15/2025,1897,184,"Nachos, Refresco"
3/15/2025,1670,168,"Palomitas, Hotdog"
3/15/2025,7460,74,Hotdog
3/15/2025,6255,43,Chocolate
3/15/2025,3854,205,"Refresco, Chocolate, Hotdog"
3/15/2025,6330,96,Nachos
3/15/2025,3618,162,"Hotdog, Refresco"
3/15/2025,1990,96,Nachos
3/15/2025,9841,182,"Palomitas, Refresco"
3/15/2025,4278,168,"Palomitas, Hotdog"
3/15/2025,3561,139,"Nachos, Chocolate"
3/15/2025,1370,96,Nachos
3/15/2025,8485,227,"Nachos, Chocolate, Refresco"
3/16/2025,5334,170,"Hotdog, Nachos"
3/16/2025,7204,184,"Refresco, Nachos"
3/16/2025,7111,205,"Refresco, Chocolate, Hotdog"
3/16/2025,1922,96,Nachos
3/16/2025,4046,182,"Palomitas, Refresco"
3/16/2025,4940,278,"Nachos, Refresco, Palomitas"
3/16/2025,1160,170,"Hotdog, Nachos"
3/16/2025,4748,94,Palomitas
3/16/2025,3103,211,"Palomitas, Chocolate, Hotdog"
3/16/2025,3378,139,"Chocolate, Nachos"
3/16/2025,9490,94,Palomitas
3/16/2025,7396,225,"Chocolate, Refresco, Palomitas"
3/16/2025,3850,211,"Palomitas, Hotdog, Chocolate"
3/16/2025,7644,94,Palomitas
3/16/2025,4504,182,"Refresco, Palomitas"
3/16/2025,8609,182,"Palomitas, Refresco"
3/16/2025,5478,278,"Nachos, Palomitas, Refresco"
3/16/2025,3258,94,Palomitas
3/16/2025,7838,43,Chocolate
3/16/2025,6780,258,"Refresco, Hotdog, Nachos"
3/16/2025,8845,96,Nachos
3/16/2025,3961,74,Hotdog
3/16/2025,3904,162,"Refresco, Hotdog"
3/16/2025,1917,88,Refresco
3/16/2025,8086,94,Palomitas
3/16/2025,5529,117,"Hotdog, Chocolate"
3/16/2025,6162,96,Nachos
3/16/2025,8605,258,"Hotdog, Refresco, Nachos"
3/16/2025,9135,88,Refresco
3/16/2025,8175,211,"Hotdog, Chocolate, Palomitas"
3/16/2025,6021,278,"Nachos, Palomitas, Refresco"
3/16/2025,7582,211,"Hotdog, Chocolate, Palomitas"
3/16/2025,3566,88,Refresco
3/16/2025,2262,213,"Nachos, Hotdog, Chocolate"
3/16/2025,1464,74,Hotdog
3/16/2025,4805,190,"Palomitas, Nachos"
3/16/2025,6750,213,"Hotdog, Nachos, Chocolate"
3/16/2025,4856,137,"Palomitas, Chocolate"
3/16/2025,7034,137,"Chocolate, Palomitas"
3/16/2025,1649,131,"Chocolate, Refresco"
3/16/2025,8542,117,"Chocolate, Hotdog"
3/16/2025,4373,168,"Palomitas, Hotdog"
3/16/2025,2289,211,"Hotdog, Palomitas, Chocolate"
3/16/2025,4136,168,"Palomitas, Hotdog"
3/16/2025,7324,94,Palomitas
3/16/2025,4103,264,"Nachos, Hotdog, Palomitas"
3/16/2025,8124,88,Refresco
3/16/2025,1446,43,Chocolate
3/16/2025,1226,162,"Hotdog, Refresco"
3/16/2025,2881,184,"Refresco, Nachos"
3/16/2025,7139,184,"Refresco, Nachos"
3/16/2025,1052,74,Hotdog
3/16/2025,8579,139,"Chocolate, Nachos"
3/16/2025,7901,225,"Refresco, Chocolate, Palomitas"
3/16/2025,7855,264,"Nachos, Palomitas, Hotdog"
3/16/2025,6918,162,"Refresco, Hotdog"
3/16/2025,5620,74,Hotdog
3/16/2025,9112,258,"Refresco, Hotdog, Nachos"
3/16/2025,1336,213,"Chocolate, Hotdog, Nachos"
3/16/2025,4968,162,"Hotdog, Refresco"
3/16/2025,4343,190,"Nachos, Palomitas"
3/16/2025,7751,227,"Chocolate, Refresco, Nachos"
3/16/2025,2117,131,"Refresco, Chocolate"
3/16/2025,8069,139,"Nachos, Chocolate"
3/16/2025,3696,94,Palomitas
3/16/2025,4791,137,"Chocolate, Palomitas"
3/16/2025,6048,137,"Chocolate, Palomitas"
3/16/2025,4303,227,"Chocolate, Nachos, Refresco"
3/16/2025,9924,43,Chocolate
3/16/2025,9615,162,"Refresco, Hotdog"
3/16/2025,5917,74,Hotdog
3/16/2025,7999,137,"Chocolate, Palomitas"
3/16/2025,8282,264,"Nachos, Palomitas, Hotdog"
3/16/2025,2051,94,Palomitas
3/16/2025,8737,96,Nachos
3/16/2025,2251,264,"Hotdog, Palomitas, Nachos"
3/17/2025,3863,233,"Palomitas, Nachos, Chocolate"
3/17/2025,1183,182,"Refresco, Palomitas"
3/17/2025,9728,96,Nachos
3/17/2025,2273,225,"Palomitas, Chocolate, Refresco"
3/17/2025,2096,211,"Chocolate, Palomitas, Hotdog"
3/17/2025,7305,233,"Chocolate, Nachos, Palomitas"
3/17/2025,8299,88,Refresco
3/17/2025,6552,182,"Refresco, Palomitas"
3/17/2025,7589,211,"Chocolate, Hotdog, Palomitas"
3/17/2025,3341,170,"Nachos, Hotdog"
3/17/2025,1249,131,"Refresco, Chocolate"
3/17/2025,5287,88,Refresco
3/17/2025,1584,74,Hotdog
3/17/2025,8616,264,"Palomitas, Nachos, Hotdog"
3/17/2025,6898,170,"Nachos, Hotdog"
3/17/2025,9923,88,Refresco
3/17/2025,2719,190,"Nachos, Palomitas"
3/17/2025,8000,162,"Refresco, Hotdog"
3/17/2025,3432,225,"Chocolate, Palomitas, Refresco"
3/17/2025,7837,96,Nachos
3/17/2025,6454,117,"Chocolate, Hotdog"
3/17/2025,3028,227,"Refresco, Nachos, Chocolate"
3/17/2025,5624,139,"Nachos, Chocolate"
3/17/2025,9848,213,"Hotdog, Nachos, Chocolate"
3/17/2025,4580,74,Hotdog
3/17/2025,3462,211,"Chocolate, Palomitas, Hotdog"
3/17/2025,8984,88,Refresco
3/17/2025,7169,88,Refresco
3/17/2025,5485,131,"Refresco, Chocolate"
3/17/2025,7289,211,"Hotdog, Palomitas, Chocolate"
3/17/2025,6368,74,Hotdog
3/17/2025,2003,88,Refresco
3/17/2025,2635,182,"Refresco, Palomitas"
3/17/2025,5895,190,"Palomitas, Nachos"
3/17/2025,1807,213,"Hotdog, Chocolate, Nachos"
3/17/2025,5524,74,Hotdog
3/17/2025,1757,233,"Nachos, Palomitas, Chocolate"
3/17/2025,4558,162,"Refresco, Hotdog"
3/17/2025,5198,74,Hotdog
3/17/2025,8119,96,Nachos
3/17/2025,9849,225,"Refresco, Palomitas, Chocolate"
3/17/2025,4217,182,"Refresco, Palomitas"
3/17/2025,3671,233,"Palomitas, Chocolate, Nachos"
3/17/2025,4177,96,Nachos
3/17/2025,1725,74,Hotdog
3/17/2025,8701,94,Palomitas
3/17/2025,3197,74,Hotdog
3/17/2025,6634,162,"Hotdog, Refresco"
3/17/2025,2814,137,"Palomitas, Chocolate"
3/17/2025,1717,96,Nachos
3/17/2025,7782,88,Refresco
3/17/2025,6578,225,"Chocolate, Palomitas, Refresco"
3/17/2025,7197,278,"Palomitas, Refresco, Nachos"
3/17/2025,9975,131,"Chocolate, Refresco"
3/17/2025,5586,94,Palomitas
3/17/2025,5686,74,Hotdog
3/17/2025,3059,168,"Hotdog, Palomitas"
3/18/2025,5471,137,"Palomitas, Chocolate"
3/18/2025,9711,137,"Palomitas, Chocolate"
3/18/2025,5815,96,Nachos
3/18/2025,7543,43,Chocolate
3/18/2025,7940,88,Refresco
3/18/2025,5713,170,"Hotdog, Nachos"
3/18/2025,8478,137,"Palomitas, Chocolate"
3/18/2025,5933,96,Nachos
3/18/2025,2810,256,"Refresco, Hotdog, Palomitas"
3/18/2025,3581,131,"Refresco, Chocolate"
3/18/2025,1931,225,"Chocolate, Palomitas, Refresco"
3/18/2025,7382,256,"Hotdog, Palomitas, Refresco"
3/18/2025,7781,131,"Chocolate, Refresco"
3/18/2025,5675,74,Hotdog
3/18/2025,6308,227,"Nachos, Refresco, Chocolate"
3/18/2025,1287,256,"Refresco, Hotdog, Palomitas"
3/18/2025,2907,94,Palomitas
3/18/2025,7337,43,Chocolate
3/18/2025,1926,211,"Hotdog, Palomitas, Chocolate"
3/18/2025,6002,137,"Palomitas, Chocolate"
3/18/2025,2371,170,"Hotdog, Nachos"
3/18/2025,7553,278,"Refresco, Palomitas, Nachos"
3/18/2025,8498,168,"Palomitas, Hotdog"
3/18/2025,1011,88,Refresco
3/18/2025,3842,137,"Palomitas, Chocolate"
3/18/2025,3077,117,"Hotdog, Chocolate"
3/18/2025,5873,190,"Nachos, Palomitas"
3/18/2025,6856,256,"Hotdog, Refresco, Palomitas"
3/18/2025,9745,182,"Refresco, Palomitas"
3/18/2025,7897,170,"Nachos, Hotdog"
3/18/2025,6672,117,"Chocolate, Hotdog"
3/18/2025,2881,227,"Nachos, Chocolate, Refresco"
3/18/2025,4809,213,"Chocolate, Hotdog, Nachos"
3/18/2025,5673,96,Nachos
3/18/2025,2409,225,"Palomitas, Chocolate, Refresco"
3/18/2025,8452,43,Chocolate
3/18/2025,3172,168,"Palomitas, Hotdog"
3/18/2025,6247,94,Palomitas
3/18/2025,7135,233,"Nachos, Palomitas, Chocolate"
3/18/2025,8189,190,"Nachos, Palomitas"
3/18/2025,8697,43,Chocolate
3/18/2025,1662,43,Chocolate
3/18/2025,6060,94,Palomitas
3/18/2025,9872,139,"Nachos, Chocolate"
3/18/2025,3253,256,"Refresco, Palomitas, Hotdog"
3/18/2025,7394,43,Chocolate
3/18/2025,5932,168,"Hotdog, Palomitas"
3/18/2025,8754,170,"Nachos, Hotdog"
3/18/2025,3575,168,"Palomitas, Hotdog"
3/18/2025,2581,139,"Nachos, Chocolate"
3/18/2025,4966,170,"Hotdog, Nachos"
3/18/2025,4744,190,"Palomitas, Nachos"
3/18/2025,6594,96,Nachos
3/18/2025,1242,213,"Chocolate, Hotdog, Nachos"
3/18/2025,7331,213,"Nachos, Hotdog, Chocolate"
3/18/2025,3158,205,"Hotdog, Refresco, Chocolate"
3/18/2025,8977,225,"Chocolate, Palomitas, Refresco"
3/18/2025,6326,117,"Hotdog, Chocolate"
3/18/2025,2243,139,"Chocolate, Nachos"
3/18/2025,2466,278,"Refresco, Nachos, Palomitas"
3/18/2025,8833,233,"Palomitas, Chocolate, Nachos"
3/18/2025,9106,94,Palomitas
3/18/2025,6599,96,Nachos
3/18/2025,8707,258,"Hotdog, Refresco, Nachos"
3/18/2025,8008,190,"Palomitas, Nachos"
3/19/2025,9989,43,Chocolate
3/19/2025,2773,184,"Nachos, Refresco"
3/19/2025,4164,43,Chocolate
3/19/2025,1946,278,"Refresco, Palomitas, Nachos"
3/19/2025,8657,43,Chocolate
3/19/2025,2192,170,"Hotdog, Nachos"
3/19/2025,7106,96,Nachos
3/19/2025,2283,168,"Hotdog, Palomitas"
3/19/2025,5386,88,Refresco
3/19/2025,3339,94,Palomitas
3/19/2025,6930,117,"Chocolate, Hotdog"
3/19/2025,9111,182,"Palomitas, Refresco"
3/19/2025,8837,225,"Chocolate, Refresco, Palomitas"
3/19/2025,7365,256,"Hotdog, Refresco, Palomitas"
3/19/2025,1441,162,"Hotdog, Refresco"
3/19/2025,7533,96,Nachos
3/19/2025,3645,211,"Palomitas, Chocolate, Hotdog"
3/19/2025,8797,168,"Hotdog, Palomitas"
3/19/2025,4494,162,"Refresco, Hotdog"
3/19/2025,2184,139,"Chocolate, Nachos"
3/19/2025,6606,94,Palomitas
3/19/2025,9465,233,"Palomitas, Chocolate, Nachos"
3/19/2025,4243,211,"Hotdog, Palomitas, Chocolate"
3/19/2025,6882,264,"Nachos, Palomitas, Hotdog"
3/19/2025,9415,225,"Chocolate, Palomitas, Refresco"
3/19/2025,9456,213,"Hotdog, Chocolate, Nachos"
3/19/2025,6673,96,Nachos
3/19/2025,2353,258,"Hotdog, Nachos, Refresco"
3/19/2025,6506,94,Palomitas
3/19/2025,3395,117,"Hotdog, Chocolate"
3/19/2025,6515,94,Palomitas
3/19/2025,5270,213,"Chocolate, Hotdog, Nachos"
3/19/2025,4567,256,"Palomitas, Refresco, Hotdog"
3/19/2025,2016,233,"Palomitas, Nachos, Chocolate"
3/19/2025,4496,190,"Palomitas, Nachos"
3/19/2025,3313,162,"Refresco, Hotdog"
3/19/2025,6649,43,Chocolate
3/19/2025,2342,117,"Chocolate, Hotdog"
3/19/2025,3226,88,Refresco
3/19/2025,8235,117,"Chocolate, Hotdog"
3/19/2025,6089,211,"Chocolate, Hotdog, Palomitas"
3/19/2025,2141,162,"Hotdog, Refresco"
3/19/2025,5270,137,"Palomitas, Chocolate"
3/19/2025,2784,88,Refresco
3/19/2025,6428,162,"Refresco, Hotdog"
3/19/2025,5658,225,"Palomitas, Chocolate, Refresco"
3/19/2025,7219,213,"Hotdog, Nachos, Chocolate"
3/19/2025,9890,96,Nachos
3/19/2025,3938,43,Chocolate
3/19/2025,4197,213,"Nachos, Hotdog, Chocolate"
3/19/2025,2366,205,"Hotdog, Chocolate, Refresco"
3/19/2025,5539,139,"Nachos, Chocolate"
3/19/2025,5086,227,"Nachos, Chocolate, Refresco"
3/20/2025,7040,94,Palomitas
3/20/2025,6014,184,"Nachos, Refresco"
3/20/2025,1490,137,"Palomitas, Chocolate"
3/20/2025,2940,256,"Palomitas, Refresco, Hotdog"
3/20/2025,5908,211,"Chocolate, Palomitas, Hotdog"
3/20/2025,4159,168,"Palomitas, Hotdog"
3/20/2025,1681,256,"Hotdog, Palomitas, Refresco"
3/20/2025,3693,96,Nachos
3/20/2025,3159,94,Palomitas
3/20/2025,9219,211,"Hotdog, Palomitas, Chocolate"
3/20/2025,9488,43,Chocolate
3/20/2025,2677,190,"Nachos, Palomitas"
3/20/2025,6622,170,"Hotdog, Nachos"
3/20/2025,2248,258,"Refresco, Hotdog, Nachos"
3/20/2025,7079,190,"Nachos, Palomitas"
3/20/2025,8036,96,Nachos
3/20/2025,3048,213,"Nachos, Chocolate, Hotdog"
3/20/2025,4553,211,"Palomitas, Chocolate, Hotdog"
3/20/2025,1220,258,"Refresco, Hotdog, Nachos"
3/20/2025,8209,227,"Nachos, Refresco, Chocolate"
3/20/2025,8237,190,"Nachos, Palomitas"
3/20/2025,3598,139,"Nachos, Chocolate"
3/20/2025,7899,94,Palomitas
3/20/2025,5476,227,"Chocolate, Refresco, Nachos"
3/20/2025,2191,264,"Palomitas, Hotdog, Nachos"
3/20/2025,8987,233,"Palomitas, Chocolate, Nachos"
3/20/2025,4676,205,"Refresco, Hotdog, Chocolate"
3/20/2025,6033,162,"Hotdog, Refresco"
3/20/2025,6214,213,"Hotdog, Chocolate, Nachos"
3/20/2025,8533,182,"Refresco, Palomitas"
3/20/2025,6730,211,"Hotdog, Chocolate, Palomitas"
3/20/2025,8465,43,Chocolate
3/20/2025,5471,205,"Refresco, Hotdog, Chocolate"
3/20/2025,1798,264,"Hotdog, Palomitas, Nachos"
3/20/2025,8297,88,Refresco
3/20/2025,1731,182,"Palomitas, Refresco"
3/20/2025,6074,96,Nachos
3/20/2025,8099,139,"Nachos, Chocolate"
3/20/2025,8686,233,"Nachos, Palomitas, Chocolate"
3/20/2025,7738,213,"Hotdog, Chocolate, Nachos"
3/20/2025,3220,117,"Hotdog, Chocolate"
3/20/2025,7691,96,Nachos
3/20/2025,7358,117,"Hotdog, Chocolate"
3/20/2025,8037,94,Palomitas
3/20/2025,5994,74,Hotdog
3/20/2025,7221,227,"Nachos, Refresco, Chocolate"
3/20/2025,1687,211,"Chocolate, Hotdog, Palomitas"
3/20/2025,7322,182,"Palomitas, Refresco"
3/20/2025,4968,88,Refresco
3/20/2025,1378,278,"Nachos, Refresco, Palomitas"
3/20/2025,2754,43,Chocolate
3/20/2025,9881,43,Chocolate
3/20/2025,2412,211,"Chocolate, Palomitas, Hotdog"
3/20/2025,9307,162,"Hotdog, Refresco"
3/20/2025,2340,43,Chocolate
3/20/2025,6454,88,Refresco
3/20/2025,7414,227,"Refresco, Chocolate, Nachos"
3/20/2025,6480,190,"Palomitas, Nachos"
3/20/2025,2907,170,"Nachos, Hotdog"
3/20/2025,9737,43,Chocolate
3/20/2025,5645,205,"Hotdog, Chocolate, Refresco"
3/20/2025,2045,184,"Refresco, Nachos"
3/20/2025,8951,117,"Chocolate, Hotdog"
3/20/2025,4199,264,"Nachos, Palomitas, Hotdog"
3/20/2025,1596,264,"Hotdog, Nachos, Palomitas"
3/20/2025,7468,117,"Chocolate, Hotdog"
3/20/2025,7852,94,Palomitas
3/20/2025,6953,264,"Hotdog, Palomitas, Nachos"
3/20/2025,3925,264,"Hotdog, Nachos, Palomitas"
3/20/2025,8104,74,Hotdog
3/20/2025,4153,43,Chocolate
3/20/2025,2567,88,Refresco
3/20/2025,2128,131,"Refresco, Chocolate"
3/20/2025,3365,184,"Refresco, Nachos"
3/20/2025,5567,74,Hotdog
3/20/2025,3741,43,Chocolate
3/20/2025,9617,137,"Chocolate, Palomitas"
3/20/2025,1918,168,"Hotdog, Palomitas"
3/20/2025,3809,94,Palomitas
3/20/2025,4779,43,Chocolate
3/20/2025,8942,205,"Refresco, Hotdog, Chocolate"
3/20/2025,3568,96,Nachos
3/20/2025,8465,139,"Chocolate, Nachos"
3/20/2025,4199,137,"Palomitas, Chocolate"
3/20/2025,1240,205,"Chocolate, Hotdog, Refresco"
3/20/2025,6077,233,"Nachos, Chocolate, Palomitas"
3/20/2025,9802,213,"Hotdog, Chocolate, Nachos"
3/20/2025,4830,278,"Nachos, Refresco, Palomitas"
3/21/2025,2910,43,Chocolate
3/21/2025,9107,278,"Refresco, Palomitas, Nachos"
3/21/2025,7362,182,"Refresco, Palomitas"
3/21/2025,9683,213,"Chocolate, Nachos, Hotdog"
3/21/2025,7681,227,"Nachos, Refresco, Chocolate"
3/21/2025,1585,137,"Palomitas, Chocolate"
3/21/2025,1534,96,Nachos
3/21/2025,4398,227,"Chocolate, Nachos, Refresco"
3/21/2025,7957,137,"Chocolate, Palomitas"
3/21/2025,1001,137,"Chocolate, Palomitas"
3/21/2025,9316,256,"Refresco, Hotdog, Palomitas"
3/21/2025,9320,256,"Refresco, Hotdog, Palomitas"
3/21/2025,4129,88,Refresco
3/21/2025,4918,182,"Palomitas, Refresco"
3/21/2025,4140,233,"Chocolate, Nachos, Palomitas"
3/21/2025,2590,43,Chocolate
3/21/2025,5943,278,"Palomitas, Nachos, Refresco"
3/21/2025,4225,43,Chocolate
3/21/2025,3460,88,Refresco
3/21/2025,3728,227,"Nachos, Chocolate, Refresco"
3/21/2025,7430,88,Refresco
3/21/2025,1616,225,"Chocolate, Palomitas, Refresco"
3/21/2025,7413,94,Palomitas
3/21/2025,3630,258,"Refresco, Hotdog, Nachos"
3/21/2025,9861,213,"Hotdog, Nachos, Chocolate"
3/21/2025,5078,74,Hotdog
3/21/2025,1283,162,"Hotdog, Refresco"
3/21/2025,5593,88,Refresco
3/21/2025,5734,211,"Palomitas, Hotdog, Chocolate"
3/21/2025,8382,96,Nachos
3/21/2025,4237,168,"Hotdog, Palomitas"
3/21/2025,1343,43,Chocolate
3/21/2025,5823,96,Nachos
3/21/2025,4201,256,"Hotdog, Refresco, Palomitas"
3/21/2025,8127,137,"Chocolate, Palomitas"
3/21/2025,5212,256,"Refresco, Hotdog, Palomitas"
3/21/2025,2738,74,Hotdog
3/21/2025,1924,131,"Refresco, Chocolate"
3/21/2025,1912,182,"Palomitas, Refresco"
3/21/2025,1495,139,"Nachos, Chocolate"
3/21/2025,1556,74,Hotdog
3/21/2025,3120,131,"Refresco, Chocolate"
3/21/2025,1996,227,"Refresco, Nachos, Chocolate"
3/21/2025,7481,227,"Refresco, Nachos, Chocolate"
3/21/2025,1786,137,"Chocolate, Palomitas"
3/22/2025,8216,227,"Refresco, Nachos, Chocolate"
3/22/2025,4783,96,Nachos
3/22/2025,9052,94,Palomitas
3/22/2025,3511,94,Palomitas
3/22/2025,3713,256,"Palomitas, Refresco, Hotdog"
3/22/2025,5633,170,"Nachos, Hotdog"
3/22/2025,1067,211,"Palomitas, Hotdog, Chocolate"
3/22/2025,6680,227,"Nachos, Chocolate, Refresco"
3/22/2025,4661,213,"Hotdog, Chocolate, Nachos"
3/22/2025,3721,131,"Chocolate, Refresco"
3/22/2025,6311,190,"Nachos, Palomitas"
3/22/2025,1523,96,Nachos
3/22/2025,6365,258,"Refresco, Nachos, Hotdog"
3/22/2025,4122,94,Palomitas
3/22/2025,8322,96,Nachos
3/22/2025,7500,233,"Chocolate, Nachos, Palomitas"
3/22/2025,7666,96,Nachos
3/22/2025,1534,205,"Refresco, Chocolate, Hotdog"
3/22/2025,2032,190,"Palomitas, Nachos"
3/22/2025,7085,278,"Nachos, Refresco, Palomitas"
3/22/2025,9738,74,Hotdog
3/22/2025,4723,205,"Refresco, Chocolate, Hotdog"
3/22/2025,4309,205,"Refresco, Hotdog, Chocolate"
3/22/2025,7665,88,Refresco
3/22/2025,1882,233,"Chocolate, Palomitas, Nachos"
3/22/2025,6204,278,"Nachos, Refresco, Palomitas"
3/22/2025,6200,184,"Nachos, Refresco"
3/22/2025,1773,74,Hotdog
3/22/2025,4518,96,Nachos
3/22/2025,7984,258,"Hotdog, Refresco, Nachos"
3/22/2025,2674,168,"Hotdog, Palomitas"
3/22/2025,1739,139,"Nachos, Chocolate"
3/22/2025,5555,182,"Refresco, Palomitas"
3/22/2025,8124,258,"Nachos, Refresco, Hotdog"
3/22/2025,3283,88,Refresco
3/22/2025,8557,117,"Hotdog, Chocolate"
3/22/2025,9433,162,"Hotdog, Refresco"
3/22/2025,9084,264,"Nachos, Hotdog, Palomitas"
3/22/2025,7200,74,Hotdog
3/22/2025,3330,264,"Palomitas, Hotdog, Nachos"
3/22/2025,9216,211,"Palomitas, Hotdog, Chocolate"
3/22/2025,7200,96,Nachos
3/22/2025,6918,213,"Chocolate, Hotdog, Nachos"
3/22/2025,3276,225,"Palomitas, Refresco, Chocolate"
3/22/2025,8164,74,Hotdog
3/22/2025,9368,184,"Refresco, Nachos"
3/22/2025,4257,139,"Chocolate, Nachos"
3/22/2025,7353,168,"Palomitas, Hotdog"
3/22/2025,5887,182,"Refresco, Palomitas"
3/22/2025,2927,94,Palomitas
3/22/2025,4326,139,"Nachos, Chocolate"
3/22/2025,2131,131,"Chocolate, Refresco"
3/22/2025,6092,131,"Refresco, Chocolate"
3/22/2025,4159,74,Hotdog
3/22/2025,9520,139,"Chocolate, Nachos"
3/22/2025,3892,168,"Palomitas, Hotdog"
3/22/2025,1654,74,Hotdog
3/22/2025,9446,264,"Palomitas, Nachos, Hotdog"
3/22/2025,7154,94,Palomitas
3/22/2025,5516,256,"Refresco, Palomitas, Hotdog"
3/22/2025,7639,233,"Nachos, Palomitas, Chocolate"
3/22/2025,5758,74,Hotdog
3/22/2025,9075,94,Palomitas
3/22/2025,9447,94,Palomitas
3/22/2025,1544,213,"Nachos, Hotdog, Chocolate"
3/22/2025,9959,258,"Refresco, Hotdog, Nachos"
3/22/2025,9412,162,"Refresco, Hotdog"
3/22/2025,3569,170,"Nachos, Hotdog"
3/22/2025,4985,170,"Nachos, Hotdog"
3/23/2025,5310,190,"Nachos, Palomitas"
3/23/2025,5196,96,Nachos
3/23/2025,1572,43,Chocolate
3/23/2025,8082,184,"Refresco, Nachos"
3/23/2025,9417,227,"Chocolate, Nachos, Refresco"
3/23/2025,3793,227,"Chocolate, Refresco, Nachos"
3/23/2025,9102,88,Refresco
3/23/2025,5567,117,"Hotdog, Chocolate"
3/23/2025,7617,205,"Hotdog, Chocolate, Refresco"
3/23/2025,1706,117,"Hotdog, Chocolate"
3/23/2025,7997,96,Nachos
3/23/2025,9779,264,"Nachos, Hotdog, Palomitas"
3/23/2025,8211,94,Palomitas
3/23/2025,7811,225,"Chocolate, Refresco, Palomitas"
3/23/2025,4057,94,Palomitas
3/23/2025,1402,184,"Nachos, Refresco"
3/23/2025,7349,264,"Nachos, Hotdog, Palomitas"
3/23/2025,1867,213,"Hotdog, Chocolate, Nachos"
3/23/2025,9210,88,Refresco
3/23/2025,1452,184,"Nachos, Refresco"
3/23/2025,2381,258,"Hotdog, Nachos, Refresco"
3/23/2025,3738,94,Palomitas
3/23/2025,8892,227,"Chocolate, Refresco, Nachos"
3/23/2025,4367,74,Hotdog
3/23/2025,4555,256,"Hotdog, Refresco, Palomitas"
3/23/2025,6111,211,"Palomitas, Chocolate, Hotdog"
3/23/2025,4626,225,"Refresco, Chocolate, Palomitas"
3/23/2025,6497,74,Hotdog
3/23/2025,5992,94,Palomitas
3/23/2025,6011,94,Palomitas
3/23/2025,9347,278,"Palomitas, Refresco, Nachos"
3/23/2025,6724,213,"Nachos, Hotdog, Chocolate"
3/23/2025,2410,137,"Palomitas, Chocolate"
3/23/2025,5332,168,"Palomitas, Hotdog"
3/23/2025,7099,184,"Refresco, Nachos"
3/23/2025,3248,278,"Nachos, Refresco, Palomitas"
3/23/2025,9134,213,"Chocolate, Nachos, Hotdog"
3/23/2025,7567,96,Nachos
3/23/2025,3775,117,"Chocolate, Hotdog"
3/23/2025,3243,205,"Chocolate, Hotdog, Refresco"
3/23/2025,9720,213,"Hotdog, Chocolate, Nachos"
3/23/2025,6398,227,"Chocolate, Refresco, Nachos"
3/23/2025,4406,256,"Hotdog, Palomitas, Refresco"
3/23/2025,1919,258,"Hotdog, Nachos, Refresco"
3/23/2025,8378,88,Refresco
3/23/2025,4392,264,"Palomitas, Hotdog, Nachos"
3/23/2025,7784,88,Refresco
3/23/2025,8194,190,"Palomitas, Nachos"
3/23/2025,1678,137,"Palomitas, Chocolate"
3/23/2025,2502,278,"Nachos, Refresco, Palomitas"
3/23/2025,6027,258,"Hotdog, Refresco, Nachos"
3/23/2025,3594,227,"Nachos, Chocolate, Refresco"
3/23/2025,4483,190,"Nachos, Palomitas"
3/23/2025,4382,170,"Hotdog, Nachos"
3/23/2025,7276,96,Nachos
3/23/2025,7606,227,"Chocolate, Nachos, Refresco"
3/23/2025,3064,264,"Hotdog, Nachos, Palomitas"
3/23/2025,2502,264,"Nachos, Hotdog, Palomitas"
3/23/2025,4557,96,Nachos
3/23/2025,4250,74,Hotdog
3/23/2025,9177,184,"Refresco, Nachos"
3/23/2025,3261,278,"Nachos, Palomitas, Refresco"
3/23/2025,1508,256,"Palomitas, Refresco, Hotdog"
3/23/2025,6495,211,"Palomitas, Hotdog, Chocolate"
3/23/2025,4209,278,"Refresco, Nachos, Palomitas"
3/23/2025,8890,170,"Hotdog, Nachos"
3/23/2025,1687,94,Palomitas
3/23/2025,4127,43,Chocolate
3/23/2025,4395,137,"Chocolate, Palomitas"
3/23/2025,6904,88,Refresco
3/23/2025,1354,88,Refresco
3/23/2025,9257,190,"Palomitas, Nachos"
3/23/2025,9418,94,Palomitas
3/23/2025,9684,278,"Palomitas, Refresco, Nachos"
3/23/2025,6065,170,"Nachos, Hotdog"
3/23/2025,7183,43,Chocolate
3/23/2025,9714,278,"Nachos, Refresco, Palomitas"
3/23/2025,4945,256,"Refresco, Hotdog, Palomitas"
3/24/2025,3785,43,Chocolate
3/24/2025,8768,43,Chocolate
3/24/2025,4932,211,"Chocolate, Palomitas, Hotdog"
3/24/2025,6408,225,"Chocolate, Refresco, Palomitas"
3/24/2025,5777,170,"Hotdog, Nachos"
3/24/2025,9273,88,Refresco
3/24/2025,8777,74,Hotdog
3/24/2025,6956,88,Refresco
3/24/2025,3790,94,Palomitas
3/24/2025,8959,117,"Chocolate, Hotdog"
3/24/2025,1922,162,"Refresco, Hotdog"
3/24/2025,1564,211,"Chocolate, Hotdog, Palomitas"
3/24/2025,5566,94,Palomitas
3/24/2025,2928,74,Hotdog
3/24/2025,2017,278,"Palomitas, Refresco, Nachos"
3/24/2025,8170,225,"Palomitas, Chocolate, Refresco"
3/24/2025,7240,168,"Hotdog, Palomitas"
3/24/2025,6322,94,Palomitas
3/24/2025,8718,213,"Nachos, Hotdog, Chocolate"
3/24/2025,5042,131,"Chocolate, Refresco"
3/24/2025,4483,227,"Refresco, Nachos, Chocolate"
3/24/2025,8210,96,Nachos
3/24/2025,2986,258,"Refresco, Nachos, Hotdog"
3/24/2025,3824,184,"Refresco, Nachos"
3/24/2025,2211,131,"Chocolate, Refresco"
3/24/2025,1501,182,"Refresco, Palomitas"
3/24/2025,1386,227,"Nachos, Chocolate, Refresco"
3/24/2025,6820,168,"Hotdog, Palomitas"
3/24/2025,8397,256,"Refresco, Palomitas, Hotdog"
3/24/2025,5366,190,"Palomitas, Nachos"
3/24/2025,4727,278,"Nachos, Palomitas, Refresco"
3/24/2025,5958,162,"Hotdog, Refresco"
3/24/2025,4749,94,Palomitas
3/24/2025,9186,139,"Nachos, Chocolate"
3/24/2025,5551,162,"Hotdog, Refresco"
3/24/2025,9677,139,"Nachos, Chocolate"
3/24/2025,3311,96,Nachos
3/24/2025,1604,278,"Nachos, Palomitas, Refresco"
3/24/2025,1847,168,"Palomitas, Hotdog"
3/24/2025,7575,182,"Refresco, Palomitas"
3/24/2025,5311,43,Chocolate
3/24/2025,2564,162,"Refresco, Hotdog"
3/24/2025,7058,182,"Refresco, Palomitas"
3/24/2025,1726,88,Refresco
3/24/2025,7697,213,"Nachos, Chocolate, Hotdog"
3/24/2025,1282,205,"Hotdog, Chocolate, Refresco"
3/24/2025,9505,190,"Nachos, Palomitas"
3/24/2025,4670,258,"Refresco, Hotdog, Nachos"
3/24/2025,7906,137,"Palomitas, Chocolate"
3/24/2025,9089,233,"Palomitas, Nachos, Chocolate"
3/24/2025,6577,264,"Nachos, Hotdog, Palomitas"
3/24/2025,2507,205,"Refresco, Chocolate, Hotdog"
3/24/2025,2603,162,"Refresco, Hotdog"
3/24/2025,9488,88,Refresco
3/24/2025,4787,117,"Hotdog, Chocolate"
3/24/2025,3208,131,"Refresco, Chocolate"
3/24/2025,4072,74,Hotdog
3/24/2025,6231,227,"Chocolate, Nachos, Refresco"
3/25/2025,3642,96,Nachos
3/25/2025,5402,94,Palomitas
3/25/2025,8633,227,"Nachos, Refresco, Chocolate"
3/25/2025,6009,168,"Palomitas, Hotdog"
3/25/2025,2044,117,"Chocolate, Hotdog"
3/25/2025,5766,43,Chocolate
3/25/2025,7622,117,"Hotdog, Chocolate"
3/25/2025,5271,278,"Refresco, Nachos, Palomitas"
3/25/2025,2537,88,Refresco
3/25/2025,5235,117,"Hotdog, Chocolate"
3/25/2025,9697,43,Chocolate
3/25/2025,7533,88,Refresco
3/25/2025,6560,131,"Refresco, Chocolate"
3/25/2025,5157,43,Chocolate
3/25/2025,7713,213,"Nachos, Hotdog, Chocolate"
3/25/2025,4936,88,Refresco
3/25/2025,4876,96,Nachos
3/25/2025,7379,256,"Palomitas, Refresco, Hotdog"
3/25/2025,8456,94,Palomitas
3/25/2025,1541,168,"Palomitas, Hotdog"
3/25/2025,5569,117,"Chocolate, Hotdog"
3/25/2025,5675,168,"Hotdog, Palomitas"
3/25/2025,1470,278,"Palomitas, Nachos, Refresco"
3/25/2025,2468,43,Chocolate
3/25/2025,9363,162,"Refresco, Hotdog"
3/25/2025,9249,227,"Refresco, Chocolate, Nachos"
3/25/2025,2353,190,"Palomitas, Nachos"
3/25/2025,8329,74,Hotdog
3/25/2025,1312,94,Palomitas
3/25/2025,6317,43,Chocolate
3/25/2025,7841,43,Chocolate
3/25/2025,8129,88,Refresco
3/25/2025,3147,139,"Chocolate, Nachos"
3/25/2025,8866,137,"Chocolate, Palomitas"
3/25/2025,1490,168,"Hotdog, Palomitas"
3/25/2025,3926,233,"Palomitas, Chocolate, Nachos"
3/25/2025,7986,117,"Chocolate, Hotdog"
3/25/2025,1701,211,"Chocolate, Hotdog, Palomitas"
3/25/2025,7825,43,Chocolate
3/25/2025,5264,211,"Hotdog, Palomitas, Chocolate"
3/25/2025,8776,96,Nachos
3/25/2025,6191,182,"Palomitas, Refresco"
3/25/2025,7875,74,Hotdog
3/25/2025,9989,94,Palomitas
3/25/2025,7694,137,"Chocolate, Palomitas"
3/25/2025,2392,96,Nachos
3/25/2025,1677,88,Refresco
3/25/2025,2946,256,"Hotdog, Palomitas, Refresco"
3/25/2025,7985,43,Chocolate
3/25/2025,4257,170,"Nachos, Hotdog"
3/25/2025,5006,233,"Palomitas, Chocolate, Nachos"
3/26/2025,6782,43,Chocolate
3/26/2025,7376,94,Palomitas
3/26/2025,4766,96,Nachos
3/26/2025,8064,137,"Palomitas, Chocolate"
3/26/2025,2209,184,"Nachos, Refresco"
3/26/2025,3178,43,Chocolate
3/26/2025,9895,168,"Hotdog, Palomitas"
3/26/2025,3370,258,"Refresco, Nachos, Hotdog"
3/26/2025,6579,278,"Refresco, Nachos, Palomitas"
3/26/2025,7794,139,"Nachos, Chocolate"
3/26/2025,4675,43,Chocolate
3/26/2025,4170,137,"Chocolate, Palomitas"
3/26/2025,1028,43,Chocolate
3/26/2025,6791,162,"Refresco, Hotdog"
3/26/2025,4735,162,"Refresco, Hotdog"
3/26/2025,8399,117,"Chocolate, Hotdog"
3/26/2025,2460,43,Chocolate
3/26/2025,2416,264,"Palomitas, Nachos, Hotdog"
3/26/2025,2428,139,"Nachos, Chocolate"
3/26/2025,5474,88,Refresco
3/26/2025,9547,184,"Nachos, Refresco"
3/26/2025,2040,184,"Nachos, Refresco"
3/26/2025,2779,233,"Palomitas, Nachos, Chocolate"
3/26/2025,1392,170,"Hotdog, Nachos"
3/26/2025,6188,264,"Nachos, Hotdog, Palomitas"
3/26/2025,7363,190,"Palomitas, Nachos"
3/26/2025,2400,258,"Refresco, Hotdog, Nachos"
3/26/2025,3786,264,"Nachos, Hotdog, Palomitas"
3/26/2025,3739,137,"Palomitas, Chocolate"
3/26/2025,8422,117,"Hotdog, Chocolate"
3/26/2025,4457,96,Nachos
3/26/2025,1453,190,"Palomitas, Nachos"
3/26/2025,6442,264,"Nachos, Palomitas, Hotdog"
3/26/2025,1818,94,Palomitas
3/26/2025,3868,137,"Chocolate, Palomitas"
3/26/2025,4543,162,"Hotdog, Refresco"
3/26/2025,9699,233,"Palomitas, Nachos, Chocolate"
3/26/2025,1331,184,"Refresco, Nachos"
3/26/2025,9169,264,"Nachos, Hotdog, Palomitas"
3/26/2025,8492,43,Chocolate
3/26/2025,4401,182,"Refresco, Palomitas"
3/26/2025,6660,205,"Hotdog, Refresco, Chocolate"
3/26/2025,2176,258,"Nachos, Refresco, Hotdog"
3/27/2025,3233,170,"Nachos, Hotdog"
3/27/2025,6906,211,"Hotdog, Palomitas, Chocolate"
3/27/2025,3513,182,"Palomitas, Refresco"
3/27/2025,8910,258,"Refresco, Nachos, Hotdog"
3/27/2025,2951,182,"Palomitas, Refresco"
3/27/2025,8799,43,Chocolate
3/27/2025,1595,227,"Refresco, Nachos, Chocolate"
3/27/2025,1858,278,"Nachos, Refresco, Palomitas"
3/27/2025,2447,131,"Refresco, Chocolate"
3/27/2025,3850,211,"Palomitas, Chocolate, Hotdog"
3/27/2025,7952,94,Palomitas
3/27/2025,2672,162,"Hotdog, Refresco"
3/27/2025,5924,170,"Hotdog, Nachos"
3/27/2025,7085,205,"Chocolate, Hotdog, Refresco"
3/27/2025,9428,225,"Palomitas, Chocolate, Refresco"
3/27/2025,8710,264,"Hotdog, Nachos, Palomitas"
3/27/2025,3665,139,"Nachos, Chocolate"
3/27/2025,9328,137,"Palomitas, Chocolate"
3/27/2025,3914,117,"Hotdog, Chocolate"
3/27/2025,4870,74,Hotdog
3/27/2025,3510,213,"Hotdog, Chocolate, Nachos"
3/27/2025,4201,131,"Chocolate, Refresco"
3/27/2025,5938,184,"Nachos, Refresco"
3/27/2025,9314,233,"Chocolate, Palomitas, Nachos"
3/27/2025,4345,162,"Refresco, Hotdog"
3/27/2025,4981,96,Nachos
3/27/2025,8095,137,"Palomitas, Chocolate"
3/27/2025,4771,131,"Chocolate, Refresco"
3/27/2025,8647,43,Chocolate
3/27/2025,9712,131,"Refresco, Chocolate"
3/27/2025,6538,264,"Hotdog, Nachos, Palomitas"
3/27/2025,8111,162,"Refresco, Hotdog"
3/27/2025,5491,264,"Palomitas, Hotdog, Nachos"
3/27/2025,6599,74,Hotdog
3/27/2025,5749,74,Hotdog
3/27/2025,3321,96,Nachos
3/27/2025,6432,117,"Hotdog, Chocolate"
3/27/2025,7854,43,Chocolate
3/27/2025,8637,137,"Chocolate, Palomitas"
3/27/2025,4867,88,Refresco
3/27/2025,8373,213,"Chocolate, Nachos, Hotdog"
3/27/2025,3327,96,Nachos
3/27/2025,7452,278,"Nachos, Palomitas, Refresco"
3/28/2025,5581,225,"Palomitas, Chocolate, Refresco"
3/28/2025,2030,43,Chocolate
3/28/2025,2220,190,"Nachos, Palomitas"
3/28/2025,9074,213,"Hotdog, Chocolate, Nachos"
3/28/2025,7598,170,"Nachos, Hotdog"
3/28/2025,6993,137,"Palomitas, Chocolate"
3/28/2025,3568,139,"Chocolate, Nachos"
3/28/2025,5911,162,"Hotdog, Refresco"
3/28/2025,1792,94,Palomitas
3/28/2025,4110,162,"Refresco, Hotdog"
3/28/2025,2214,264,"Nachos, Hotdog, Palomitas"
3/28/2025,8314,137,"Palomitas, Chocolate"
3/28/2025,6917,170,"Hotdog, Nachos"
3/28/2025,6988,182,"Palomitas, Refresco"
3/28/2025,6578,182,"Refresco, Palomitas"
3/28/2025,4845,88,Refresco
3/28/2025,1378,170,"Hotdog, Nachos"
3/28/2025,1224,258,"Hotdog, Nachos, Refresco"
3/28/2025,2888,88,Refresco
3/28/2025,6246,213,"Nachos, Chocolate, Hotdog"
3/28/2025,4551,168,"Palomitas, Hotdog"
3/28/2025,7643,94,Palomitas
3/28/2025,2777,94,Palomitas
3/28/2025,2777,213,"Hotdog, Chocolate, Nachos"
3/28/2025,2325,94,Palomitas
3/28/2025,5656,278,"Palomitas, Nachos, Refresco"
3/28/2025,8246,225,"Palomitas, Refresco, Chocolate"
3/28/2025,4232,233,"Palomitas, Nachos, Chocolate"
3/28/2025,5060,256,"Palomitas, Hotdog, Refresco"
3/28/2025,4845,94,Palomitas
3/28/2025,7382,278,"Palomitas, Refresco, Nachos"
3/28/2025,1968,96,Nachos
3/28/2025,9073,137,"Palomitas, Chocolate"
3/28/2025,2469,94,Palomitas
3/28/2025,4622,139,"Chocolate, Nachos"
3/28/2025,8420,213,"Hotdog, Nachos, Chocolate"
3/28/2025,4718,264,"Palomitas, Nachos, Hotdog"
3/28/2025,5335,43,Chocolate
3/28/2025,3711,233,"Chocolate, Nachos, Palomitas"
3/28/2025,9817,139,"Nachos, Chocolate"
3/28/2025,4994,117,"Hotdog, Chocolate"
3/28/2025,9856,94,Palomitas
3/28/2025,5458,168,"Hotdog, Palomitas"
3/28/2025,4620,170,"Nachos, Hotdog"
3/28/2025,2075,43,Chocolate
3/28/2025,3384,137,"Palomitas, Chocolate"
3/28/2025,9047,96,Nachos
3/28/2025,7895,162,"Hotdog, Refresco"
3/28/2025,9445,278,"Refresco, Palomitas, Nachos"
3/28/2025,3423,74,Hotdog
3/28/2025,3908,211,"Palomitas, Hotdog, Chocolate"
3/28/2025,4883,139,"Nachos, Chocolate"
3/28/2025,5009,94,Palomitas
3/28/2025,9593,94,Palomitas
3/28/2025,9427,117,"Chocolate, Hotdog"
3/28/2025,2341,205,"Hotdog, Refresco, Chocolate"
3/28/2025,4727,74,Hotdog
3/28/2025,3803,88,Refresco
3/28/2025,1393,264,"Nachos, Palomitas, Hotdog"
3/28/2025,1132,256,"Palomitas, Hotdog, Refresco"
3/28/2025,3835,137,"Palomitas, Chocolate"
3/28/2025,7833,213,"Nachos, Chocolate, Hotdog"
3/28/2025,2963,190,"Palomitas, Nachos"
3/28/2025,4061,233,"Chocolate, Nachos, Palomitas"
3/28/2025,9101,225,"Palomitas, Refresco, Chocolate"
3/28/2025,5607,182,"Palomitas, Refresco"
3/28/2025,2726,170,"Nachos, Hotdog"
3/28/2025,8013,74,Hotdog
3/28/2025,7642,94,Palomitas
3/28/2025,1877,162,"Hotdog, Refresco"
3/28/2025,1292,213,"Chocolate, Hotdog, Nachos"
3/28/2025,3374,139,"Nachos, Chocolate"
3/28/2025,4863,74,Hotdog
3/28/2025,9226,74,Hotdog
3/28/2025,4291,205,"Hotdog, Refresco, Chocolate"
3/28/2025,2558,94,Palomitas
3/28/2025,6409,182,"Refresco, Palomitas"
3/28/2025,8869,74,Hotdog
3/28/2025,4384,170,"Nachos, Hotdog"
3/28/2025,1028,74,Hotdog
3/28/2025,8705,211,"Palomitas, Hotdog, Chocolate"
3/28/2025,1325,256,"Refresco, Hotdog, Palomitas"
3/28/2025,1358,170,"Nachos, Hotdog"
3/28/2025,4896,96,Nachos
3/28/2025,7941,233,"Nachos, Chocolate, Palomitas"
3/28/2025,4808,43,Chocolate
3/28/2025,1091,94,Palomitas
3/28/2025,3513,88,Refresco
3/28/2025,1604,213,"Nachos, Hotdog, Chocolate"
3/28/2025,1597,137,"Chocolate, Palomitas"
3/28/2025,6780,227,"Chocolate, Refresco, Nachos"
3/29/2025,9002,162,"Refresco, Hotdog"
3/29/2025,2353,264,"Hotdog, Palomitas, Nachos"
3/29/2025,9940,227,"Chocolate, Refresco, Nachos"
3/29/2025,9625,225,"Refresco, Palomitas, Chocolate"
3/29/2025,8001,205,"Chocolate, Refresco, Hotdog"
3/29/2025,3763,278,"Nachos, Palomitas, Refresco"
3/29/2025,6260,278,"Nachos, Palomitas, Refresco"
3/29/2025,5409,213,"Hotdog, Chocolate, Nachos"
3/29/2025,2079,264,"Nachos, Palomitas, Hotdog"
3/29/2025,9795,258,"Refresco, Hotdog, Nachos"
3/29/2025,7214,225,"Chocolate, Palomitas, Refresco"
3/29/2025,9791,278,"Palomitas, Refresco, Nachos"
3/29/2025,5864,233,"Nachos, Chocolate, Palomitas"
3/29/2025,5566,225,"Palomitas, Refresco, Chocolate"
3/29/2025,1789,43,Chocolate
3/29/2025,2309,74,Hotdog
3/29/2025,6389,190,"Nachos, Palomitas"
3/29/2025,7574,213,"Hotdog, Chocolate, Nachos"
3/29/2025,7499,182,"Refresco, Palomitas"
3/29/2025,9837,258,"Refresco, Hotdog, Nachos"
3/29/2025,1783,190,"Palomitas, Nachos"
3/29/2025,3261,168,"Hotdog, Palomitas"
3/29/2025,9572,233,"Chocolate, Palomitas, Nachos"
3/29/2025,1238,137,"Palomitas, Chocolate"
3/29/2025,2105,117,"Hotdog, Chocolate"
3/29/2025,8756,74,Hotdog
3/29/2025,2490,168,"Palomitas, Hotdog"
3/29/2025,3440,94,Palomitas
3/29/2025,1440,88,Refresco
3/29/2025,3367,139,"Nachos, Chocolate"
3/29/2025,4034,168,"Hotdog, Palomitas"
3/29/2025,8036,162,"Hotdog, Refresco"
3/29/2025,6938,96,Nachos
3/29/2025,2465,184,"Nachos, Refresco"
3/29/2025,6539,94,Palomitas
3/29/2025,8727,96,Nachos
3/29/2025,1818,139,"Nachos, Chocolate"
3/29/2025,2124,162,"Refresco, Hotdog"
3/29/2025,6641,43,Chocolate
3/29/2025,7912,170,"Nachos, Hotdog"
3/29/2025,3401,88,Refresco
3/29/2025,6615,117,"Hotdog, Chocolate"
3/29/2025,3956,43,Chocolate
3/29/2025,6087,225,"Chocolate, Palomitas, Refresco"
3/29/2025,3170,137,"Palomitas, Chocolate"
3/30/2025,7458,205,"Hotdog, Refresco, Chocolate"
3/30/2025,7853,256,"Refresco, Hotdog, Palomitas"
3/30/2025,4203,137,"Chocolate, Palomitas"
3/30/2025,9984,278,"Palomitas, Nachos, Refresco"
3/30/2025,8382,258,"Hotdog, Nachos, Refresco"
3/30/2025,1801,94,Palomitas
3/30/2025,4349,182,"Refresco, Palomitas"
3/30/2025,4201,182,"Refresco, Palomitas"
3/30/2025,8694,94,Palomitas
3/30/2025,4401,137,"Palomitas, Chocolate"
3/30/2025,4272,213,"Chocolate, Hotdog, Nachos"
3/30/2025,7902,43,Chocolate
3/30/2025,2098,182,"Palomitas, Refresco"
3/30/2025,1680,258,"Hotdog, Refresco, Nachos"
3/30/2025,9001,278,"Palomitas, Nachos, Refresco"
3/30/2025,9859,96,Nachos
3/30/2025,9872,213,"Hotdog, Nachos, Chocolate"
3/30/2025,4227,256,"Palomitas, Refresco, Hotdog"
3/30/2025,3317,96,Nachos
3/30/2025,3511,213,"Hotdog, Chocolate, Nachos"
3/30/2025,2259,225,"Palomitas, Chocolate, Refresco"
3/30/2025,5323,96,Nachos
3/30/2025,8844,278,"Refresco, Palomitas, Nachos"
3/30/2025,3338,137,"Chocolate, Palomitas"
3/30/2025,7791,168,"Hotdog, Palomitas"
3/30/2025,3731,168,"Hotdog, Palomitas"
3/30/2025,7979,182,"Palomitas, Refresco"
3/30/2025,7524,182,"Refresco, Palomitas"
3/30/2025,4346,94,Palomitas
3/30/2025,4148,182,"Refresco, Palomitas"
3/30/2025,1244,190,"Palomitas, Nachos"
3/30/2025,8737,278,"Palomitas, Refresco, Nachos"
3/30/2025,8325,94,Palomitas
3/30/2025,4374,211,"Chocolate, Palomitas, Hotdog"
3/30/2025,9234,94,Palomitas
3/30/2025,6387,213,"Hotdog, Chocolate, Nachos"
3/30/2025,6108,182,"Refresco, Palomitas"
3/30/2025,1560,184,"Nachos, Refresco"
3/30/2025,2821,278,"Palomitas, Refresco, Nachos"
3/30/2025,6646,74,Hotdog
3/30/2025,1939,88,Refresco
3/30/2025,2725,139,"Nachos, Chocolate"
3/30/2025,9853,117,"Chocolate, Hotdog"
3/30/2025,6985,96,Nachos
3/30/2025,5144,117,"Chocolate, Hotdog"
3/30/2025,5366,190,"Palomitas, Nachos"
3/30/2025,7265,117,"Chocolate, Hotdog"
3/30/2025,7152,88,Refresco
3/30/2025,6310,170,"Hotdog, Nachos"
3/30/2025,1652,139,"Nachos, Chocolate"
3/30/2025,5243,227,"Chocolate, Nachos, Refresco"
3/30/2025,7507,211,"Chocolate, Palomitas, Hotdog"
3/30/2025,7127,278,"Palomitas, Nachos, Refresco"
3/30/2025,9459,131,"Chocolate, Refresco"
3/30/2025,6130,96,Nachos
3/30/2025,2232,168,"Palomitas, Hotdog"
3/30/2025,8446,43,Chocolate
3/30/2025,2721,227,"Refresco, Nachos, Chocolate"
3/30/2025,3990,139,"Chocolate, Nachos"
3/30/2025,2306,131,"Refresco, Chocolate"
3/30/2025,1496,205,"Chocolate, Hotdog, Refresco"
3/31/2025,7236,162,"Refresco, Hotdog"
3/31/2025,3431,170,"Hotdog, Nachos"
3/31/2025,2426,162,"Hotdog, Refresco"
3/31/2025,7330,74,Hotdog
3/31/2025,8464,182,"Palomitas, Refresco"
3/31/2025,8195,184,"Nachos, Refresco"
3/31/2025,8598,233,"Palomitas, Chocolate, Nachos"
3/31/2025,4653,96,Nachos
3/31/2025,1973,190,"Nachos, Palomitas"
3/31/2025,4406,94,Palomitas
3/31/2025,8433,137,"Chocolate, Palomitas"
3/31/2025,6939,88,Refresco
3/31/2025,9283,88,Refresco
3/31/2025,5537,264,"Palomitas, Nachos, Hotdog"
3/31/2025,9469,88,Refresco
3/31/2025,8741,170,"Nachos, Hotdog"
3/31/2025,3513,131,"Chocolate, Refresco"
3/31/2025,8436,227,"Refresco, Chocolate, Nachos"
3/31/2025,1352,211,"Palomitas, Chocolate, Hotdog"
3/31/2025,6344,74,Hotdog
3/31/2025,9298,88,Refresco
3/31/2025,8012,96,Nachos
3/31/2025,4380,96,Nachos
3/31/2025,9978,139,"Chocolate, Nachos"
3/31/2025,8378,256,"Refresco, Palomitas, Hotdog"
3/31/2025,4052,131,"Refresco, Chocolate"
3/31/2025,5803,233,"Palomitas, Nachos, Chocolate"
3/31/2025,3648,96,Nachos
3/31/2025,6308,264,"Nachos, Hotdog, Palomitas"
3/31/2025,8986,190,"Palomitas, Nachos"
3/31/2025,6769,258,"Hotdog, Nachos, Refresco"
3/31/2025,4240,205,"Hotdog, Refresco, Chocolate"
3/31/2025,1886,170,"Nachos, Hotdog"
3/31/2025,2785,168,"Hotdog, Palomitas"
3/31/2025,8727,74,Hotdog
3/31/2025,5890,96,Nachos
3/31/2025,1906,94,Palomitas
3/31/2025,8939,94,Palomitas
3/31/2025,3933,96,Nachos
3/31/2025,9282,205,"Chocolate, Refresco, Hotdog"
3/31/2025,7007,182,"Palomitas, Refresco"
3/31/2025,5490,96,Nachos
3/31/2025,8432,182,"Refresco, Palomitas"
3/31/2025,9759,184,"Nachos, Refresco"
3/31/2025,8002,74,Hotdog
3/31/2025,9831,88,Refresco
3/31/2025,3985,94,Palomitas
3/31/2025,9652,258,"Nachos, Hotdog, Refresco"
3/31/2025,2832,96,Nachos
3/31/2025,8600,258,"Hotdog, Refresco, Nachos"
3/31/2025,1671,233,"Chocolate, Palomitas, Nachos"
3/31/2025,3096,74,Hotdog
3/31/2025,3460,74,Hotdog
3/31/2025,2975,258,"Nachos, Hotdog, Refresco"
3/31/2025,5515,182,"Refresco, Palomitas"
3/31/2025,5939,190,"Palomitas, Nachos"
3/31/2025,5529,227,"Refresco, Nachos, Chocolate"
3/31/2025,7200,264,"Nachos, Palomitas, Hotdog"
3/31/2025,1976,94,Palomitas
3/31/2025,4644,258,"Nachos, Refresco, Hotdog"
3/31/2025,7957,43,Chocolate
3/31/2025,4900,96,Nachos
3/31/2025,5568,94,Palomitas
3/31/2025,2845,162,"Hotdog, Refresco"
3/31/2025,8069,117,"Hotdog, Chocolate"
3/31/2025,2509,88,Refresco
